sequence	net_charge	gravy_index
dbAMP_00029	-8.205168518636818	-0.04942528735632184
dbAMP_00051	4.967185961766253	0.17567567567567569
dbAMP_00054	3.7926910438332917	-0.07333333333333333
dbAMP_00057	2.773075604659065	0.42608695652173917
dbAMP_00059	-6.23117036277478	0.21061946902654868
dbAMP_00088	-0.9991613469451099	-0.4897959183673469
dbAMP_00121	2.7362421066362304	0.4766666666666666
dbAMP_00122	3.73623210673623	0.33999999999999997
dbAMP_00123	2.7362421066362304	0.4133333333333333
dbAMP_00148	1.7555051464407327	0.296969696969697
dbAMP_00189	2.7938665859560845	-1.0375
dbAMP_00199	1.8860727582635688	-0.03378378378378379
dbAMP_00207	5.789125100742768	0.2692307692307692
dbAMP_00247	2.7920473227568205	-0.35106382978723405
dbAMP_00283	1.862873713863069	-0.07674418604651162
dbAMP_00293	-1.1995034891984937	1.0966666666666667
dbAMP_00302	4.7938018048731355	-1.0
dbAMP_00303	4.7938018048731355	-1.0
dbAMP_00304	5.792681043933291	-0.863157894736842
dbAMP_00305	4.7938018048731355	-0.863157894736842
dbAMP_00306	5.792681043933291	-0.7263157894736842
dbAMP_00307	4.7938018048731355	-1.2421052631578948
dbAMP_00308	4.7938018048731355	-1.1894736842105265
dbAMP_00352	2.795844588154084	0.6666666666666666
dbAMP_00354	1.7920003437989274	0.09999999999999996
dbAMP_00358	3.794845587155083	-0.1888888888888889
dbAMP_00359	3.7958345882540825	-0.2555555555555556
dbAMP_00365	5.789880581860082	0.22499999999999998
dbAMP_00390	3.7918785838580837	0.4461538461538461
dbAMP_00404	2.794845587155083	0.09999999999999996
dbAMP_00420	-1.2862085759941513	0.24888888888888888
dbAMP_00427	3.012919947167647	-0.304
dbAMP_00436	-4.152146921510939	0.17407407407407408
dbAMP_00437	6.791662043134287	0.06363636363636363
dbAMP_00447	-0.16797358039081445	-0.5113207547169811
dbAMP_00449	2.792877584857085	-1.5125
dbAMP_00464	-0.20412541214591307	0.5199999999999999
dbAMP_00468	-0.036506530034870366	-0.2938053097345133
dbAMP_00469	2.7938665859560845	-1.5875
dbAMP_00484	1.713669664065005	-0.21000000000000002
dbAMP_00512	5.761813749879407	-0.5352112676056338
dbAMP_00542	3.773868064834271	-0.37317073170731707
dbAMP_00543	2.7748670658332713	-0.18536585365853658
dbAMP_00563	0.7948655869550849	0.364
dbAMP_00564	0.8749962260417661	-0.041250000000000016
dbAMP_00565	-0.13378400311739913	-0.0034090909090909237
dbAMP_00566	-1.2409189105687424	1.4052631578947368
dbAMP_00569	4.741374632364034	0.5399999999999999
dbAMP_00570	-0.20412541214591307	0.7625
dbAMP_00572	6.847341799917638	0.0033333333333333327
dbAMP_00579	-0.24092891046874354	1.019047619047619
dbAMP_00585	5.932037383093845	-0.1506849315068493
dbAMP_00587	-5.010243363890165	-0.08230088495575222
dbAMP_00668	5.787928735952807	-0.4258823529411765
dbAMP_00669	5.788917737051808	-0.37607843137254904
dbAMP_00670	-0.22392739234393277	1.1090909090909091
dbAMP_00672	-0.11695122389132617	-1.6500000000000001
dbAMP_00673	-0.134017523099085	-0.21363636363636365
dbAMP_00674	-1.1347082231334507	-0.2727272727272727
dbAMP_00675	1.7766885267074817	-0.2210526315789474
dbAMP_00676	0.8648617159610699	-0.15
dbAMP_00680	13.029679862893447	-0.4603921568627451
dbAMP_00682	0.7948655869550849	0.0
dbAMP_00687	2.8629754740039113	-0.7454545454545454
dbAMP_00688	3.860165012030701	-0.7511627906976743
dbAMP_00689	3.860165012030701	-0.6906976744186046
dbAMP_00690	2.9562511892852976	-0.7743589743589744
dbAMP_00691	2.9562511892852976	-0.9076923076923077
dbAMP_00693	3.7731025838169554	-0.43255813953488365
dbAMP_00694	4.773092583916954	-0.41250000000000003
dbAMP_00695	6.847341799917638	0.03103448275862069
dbAMP_00698	2.4783007339547005	-0.5632768361581921
dbAMP_00727	-0.19802228852455706	-0.46923076923076923
dbAMP_00747	-1.2023139511717038	0.5466666666666667
dbAMP_00752	-1.202882891265225	0.04444444444444443
dbAMP_00759	2.795844588154084	0.14444444444444443
dbAMP_00769	0.8603715528544953	-0.36
dbAMP_00783	-0.27047859716588407	-0.5105263157894737
dbAMP_00789	0.7104001227704595	0.10714285714285712
dbAMP_00864	1.8391662735190875	-0.7777777777777778
dbAMP_00874	0.7295214028341159	-0.18947368421052635
dbAMP_00877	4.969382123520199	-1.130232558139535
dbAMP_00879	6.838527334125558	-0.2729166666666667
dbAMP_00880	-1.2793805862658933	1.1714285714285713
dbAMP_00881	-1.2793805862658933	1.1571428571428573
dbAMP_00882	-1.2793805862658933	1.1571428571428573
dbAMP_00883	-1.2793805862658933	1.1428571428571428
dbAMP_00884	-0.28050134720573794	1.1571428571428573
dbAMP_00922	0.7305104039331161	-0.2210526315789474
dbAMP_00923	0.7305104039331161	-0.16842105263157894
dbAMP_00929	-0.19139393803609783	-0.6333333333333333
dbAMP_00930	-1.190394937037097	-0.29000000000000004
dbAMP_00933	-0.25970036600871704	0.8307692307692308
dbAMP_00935	-1.2766918842335269	0.9400000000000001
dbAMP_00936	-1.266790894134517	0.8578947368421053
dbAMP_00938	1.7285224018351153	0.428125
dbAMP_00942	-1.2964938644315467	0.7727272727272727
dbAMP_00954	-0.269479596166883	-0.16842105263157894
dbAMP_00962	0.2218060804862627	0.15263157894736837
dbAMP_00963	-1.266790894134517	1.4214285714285713
dbAMP_00968	-2.1479805146678475	-0.4555555555555556
dbAMP_00970	-2.0211803118084752	-0.09113924050632913
dbAMP_00978	1.9151420296217214	-0.4041666666666666
dbAMP_00998	-6.229992918564326	-3.5
dbAMP_01001	-2.257458844129028	0.9399999999999998
dbAMP_01022	1.7610258342053542	-2.9000000000000004
dbAMP_01028	3.875125810445257	-0.042105263157894764
dbAMP_01034	2.8833023181279556	0.052830188679245264
dbAMP_01035	2.7961281298733685	0.0471698113207547
dbAMP_01039	-2.148559454661369	0.08181818181818179
dbAMP_01052	1.7856205377450873	-0.3138888888888889
dbAMP_01069	-28.11188746023781	-0.5301960784313726
dbAMP_01074	-1.25945684612703	0.3266666666666667
dbAMP_01075	-4.329999861017793	0.8855263157894736
dbAMP_01079	-0.2486886148698635	-0.04545454545454544
dbAMP_01112	2.7599650460222502	-1.5346153846153845
dbAMP_01128	-1.0644292483616788	-1.2142857142857142
dbAMP_01146	-0.23598716269764441	-1.49
dbAMP_01165	-2.2376568639310084	-1.0333333333333334
dbAMP_01169	1.7375461508759678	0.25849056603773585
dbAMP_01207	1.3740825931185627	-2.0947368421052635
dbAMP_01209	1.7614358953108313	-0.6863636363636364
dbAMP_01263	-2.2458681529966524	1.1222222222222222
dbAMP_01265	-2.275571123293682	0.964516129032258
dbAMP_01272	-0.06543824926068109	-0.43333333333333335
dbAMP_01287	-0.01860175607281178	0.580281690140845
dbAMP_01390	-3.1609308594223178	-0.09500000000000003
dbAMP_01392	4.180434585938384	-0.9818181818181818
dbAMP_01402	-2.139924027366174	-0.8934426229508197
dbAMP_01429	3.8328216148019885	-0.7266666666666667
dbAMP_01435	-2.1605484603525893	-1.09
dbAMP_01439	3.8290791305876737	0.783076923076923
dbAMP_01469	3.900305582899399	-0.3754716981132076
dbAMP_01470	0.9051140468706107	0.12777777777777774
dbAMP_01482	-0.07699719404642091	0.13333333333333322
dbAMP_01483	-3.0720669701343652	-0.4181818181818182
dbAMP_01488	-3.159241158388952	-0.4454545454545455
dbAMP_01490	-1.1620616202621632	-1.4444444444444444
dbAMP_01519	-1.1640496223601642	-1.0266666666666666
dbAMP_01547	2.921228324037263	-0.46153846153846156
dbAMP_01555	3.8336440746771987	-0.44999999999999996
dbAMP_01581	1.9973807612529955	-0.17800000000000002
dbAMP_01582	2.0062827503530043	-0.248
dbAMP_01585	-5.22142069392102	-1.106896551724138
dbAMP_01596	5.7647305164946125	-0.5692307692307692
dbAMP_01598	3.7561056101932997	0.7526315789473683
dbAMP_01608	1.748202622092291	0.6916666666666665
dbAMP_01611	0.7392906330922808	0.8181818181818182
dbAMP_01628	1.8300229622123378	0.2742857142857143
dbAMP_01648	3.7570946112922994	0.9692307692307692
dbAMP_01701	1.7580936122913	1.0461538461538462
dbAMP_01716	0.7600916142893016	1.5769230769230769
dbAMP_01719	1.0206151780540615	0.37368421052631573
dbAMP_01746	3.810701585094698	0.14400000000000002
dbAMP_01761	0.7591026131903019	1.669230769230769
dbAMP_01836	4.743309377238129	0.475
dbAMP_01840	3.759194373431142	-0.43846153846153846
dbAMP_01842	2.7592043733311433	-0.10000000000000002
dbAMP_01845	1.7175006507962602	-0.013636363636363663
dbAMP_01846	1.7184896518952604	0.004545454545454514
dbAMP_01851	0.7591026131903019	1.7615384615384615
dbAMP_01905	-0.23989838581069733	1.5538461538461539
dbAMP_01948	2.7571046111923003	1.425
dbAMP_01954	1.7600816143893008	1.9
dbAMP_01994	0.7591026131903019	1.7307692307692308
dbAMP_02002	0.7591026131903019	1.9
dbAMP_02005	0.7591026131903019	1.8153846153846152
dbAMP_02007	1.758103612191301	1.4769230769230768
dbAMP_02009	0.7591026131903019	1.4615384615384615
dbAMP_02037	0.7591026131903019	2.023076923076923
dbAMP_02099	0.7591026131903019	1.8846153846153846
dbAMP_02100	1.758103612191301	1.3466666666666667
dbAMP_02102	0.7600916142893016	1.8076923076923077
dbAMP_02105	1.759092613290301	1.7153846153846155
dbAMP_02121	0.7600916142893016	1.6538461538461537
dbAMP_02129	2.7373026309942805	1.515
dbAMP_02135	3.7382816321932792	1.2521739130434784
dbAMP_02136	-0.23989838581069733	1.9923076923076921
dbAMP_02137	0.7591026131903019	1.8538461538461537
dbAMP_02151	0.7619030752635112	-0.8
dbAMP_02257	3.845369560686728	0.08666666666666667
dbAMP_02281	-2.2369661638966436	0.04499999999999994
dbAMP_02334	1.7410273130835403	-0.41132075471698115
dbAMP_02356	10.736987070479485	-0.41714285714285715
dbAMP_02383	0.7393006329922822	1.7999999999999998
dbAMP_02392	1.7582053723321427	0.013333333333333319
dbAMP_02409	5.843239798847883	-0.6272727272727273
dbAMP_02430	0.836375811345879	0.8738095238095239
dbAMP_02438	4.755106609194298	-0.4352941176470588
dbAMP_02440	3.760995834505351	-0.932
dbAMP_02464	-1.2387776248708526	-1.1
dbAMP_02471	-3.2715929214227337	0.11444444444444445
dbAMP_02491	-4.147550453762368	0.06547619047619045
dbAMP_02492	-4.147550453762368	0.043749999999999976
dbAMP_02493	-4.147550453762368	0.01309523809523807
dbAMP_02575	2.8739502683224645	-0.775
dbAMP_02595	1.759092613290301	0.71875
dbAMP_02677	3.7430053152815406	-0.7999999999999999
dbAMP_02699	2.7409055531426962	-0.16909090909090907
dbAMP_02700	3.74013007222538	-0.24745762711864405
dbAMP_02716	-1.1509127365819012	-0.20000000000000004
dbAMP_02717	-1.1519117375809023	0.3999999999999999
dbAMP_02719	-0.23989838581069733	0.8733333333333333
dbAMP_02720	-0.23989838581069733	0.8366666666666667
dbAMP_02728	-0.179626705779931	0.176
dbAMP_02774	-5.584785921032434	-0.531390134529148
dbAMP_02899	2.8272025003391272	-0.36428571428571427
dbAMP_02957	8.751110605198296	-0.1590909090909091
dbAMP_02960	3.845091259422096	-0.01304347826086959
dbAMP_03222	0.9055594803766551	0.11153846153846152
dbAMP_03243	2.8442787994468874	0.06666666666666661
dbAMP_03435	-1.2387776248708526	1.6727272727272726
dbAMP_03437	2.7085786618962495	0.24054054054054055
dbAMP_03438	-1.2683588352270387	0.7354838709677419
dbAMP_03485	6.753108607196297	0.3
dbAMP_03566	2.7580936122913	0.63
dbAMP_03769	-4.227053577303076	-0.982608695652174
dbAMP_03879	1.8344995692887212	0.25925925925925924
dbAMP_03884	3.929566745744315	-0.38709677419354843
dbAMP_03885	3.928567744745314	-0.41515151515151516
dbAMP_03893	-1.266790894134517	1.3433333333333333
dbAMP_03894	6.807537061664894	-0.44660194174757284
dbAMP_03897	-0.0934415186243438	0.11999999999999998
dbAMP_03899	-0.16081372668091087	-0.10476190476190479
dbAMP_03900	-0.1806157068789307	0.08749999999999997
dbAMP_03907	1.8363658114458783	-0.05833333333333333
dbAMP_03958	-0.23989838581069733	0.4842105263157894
dbAMP_03979	8.754077608495296	-1.1222222222222222
dbAMP_04052	-0.23709792373748817	-1.4000000000000001
dbAMP_04054	0.6597431897081876	-0.2749019607843138
dbAMP_04057	3.751326862666577	-1.1
dbAMP_04059	-1.092442517625343	0.45199999999999996
dbAMP_04096	0.8480782625190972	-0.47000000000000003
dbAMP_04097	0.8480782625190972	-0.41111111111111115
dbAMP_04099	2.727391640995269	0.22727272727272727
dbAMP_04175	0.7612023753291453	-0.37894736842105264
dbAMP_04191	3.845613080568416	-0.7435897435897436
dbAMP_04192	3.845613080568416	-0.8410256410256409
dbAMP_04206	5.700635674195237	0.17777777777777778
dbAMP_04240	2.7571046111923003	1.2526315789473685
dbAMP_04312	2.7275134009361133	0.36
dbAMP_04374	4.846192020561938	-0.32249999999999995
dbAMP_04388	2.7580936122913	0.6666666666666666
dbAMP_04402	-1.267789895133518	1.24
dbAMP_04520	2.811700586093699	0.03255813953488372
dbAMP_04536	-0.2427736288668565	-0.3055555555555556
dbAMP_04539	2.8456230804684175	-0.1972972972972973
dbAMP_04540	-0.2894033363057468	1.1176470588235294
dbAMP_04541	1.7175006507962602	0.4272727272727273
dbAMP_04542	1.7175006507962602	0.39545454545454545
dbAMP_04562	-0.23965486592901009	0.8714285714285713
dbAMP_04572	0.7591026131903019	1.6999999999999997
dbAMP_04593	1.72937964309327	0.011111111111111108
dbAMP_04667	4.757039830109353	0.16896551724137931
dbAMP_04668	1.761399868818684	-0.23658536585365855
dbAMP_04687	-2.225051418094491	-0.6062500000000001
dbAMP_04689	0.7591026131903019	1.552941176470588
dbAMP_04690	0.7591026131903019	1.7117647058823529
dbAMP_04702	3.7561056101932997	0.8692307692307691
dbAMP_04704	0.7609140741645111	0.7769230769230769
dbAMP_04739	1.758103612191301	-0.4142857142857143
dbAMP_04770	1.759092613290301	-0.7833333333333333
dbAMP_04775	0.7591026131903019	1.3923076923076922
dbAMP_04789	2.7571046111923003	1.0214285714285716
dbAMP_04799	2.7571046111923003	0.6714285714285715
dbAMP_04839	-4.217219111957693	-0.5324840764331211
dbAMP_04876	-2.1586939647420653	0.8249999999999998
dbAMP_04877	-2.1586939647420653	0.7363636363636363
dbAMP_04882	-0.25970036600871704	2.6125
dbAMP_04885	2.794773848951838	0.48235294117647054
dbAMP_04901	-1.2370879238374872	1.2714285714285714
dbAMP_04902	-1.2370879238374872	1.1099999999999999
dbAMP_04903	0.7194986527942624	0.5590909090909091
dbAMP_04906	2.8819480372064246	0.41470588235294115
dbAMP_04907	2.794773848951838	0.4058823529411764
dbAMP_04908	2.794773848951838	0.39705882352941174
dbAMP_04909	2.794773848951838	0.5235294117647059
dbAMP_04910	2.794773848951838	0.4483870967741935
dbAMP_04911	-1.1994186860779497	0.16249999999999998
dbAMP_04925	2.0209804578765924	-0.553125
dbAMP_04934	-2.235276462863278	0.12857142857142856
dbAMP_04935	-2.237843404954801	1.0017241379310344
dbAMP_04936	-0.15249067757442392	0.9824561403508771
dbAMP_04937	-0.15249067757442392	0.996551724137931
dbAMP_04938	-0.15249067757442392	1.0362068965517242
dbAMP_04939	-0.2408973868096983	0.1125
dbAMP_04963	-0.11312173888152	-0.3931034482758621
dbAMP_04993	-2.244635632015965	-0.033333333333333354
dbAMP_05025	9.02080309388564	-1.4989690721649485
dbAMP_05028	-0.0934415186243438	0.05185185185185183
dbAMP_05029	-0.08453952952433497	0.29259259259259257
dbAMP_05032	1.8455213203275758	0.14117647058823532
dbAMP_05033	5.842270797548884	-0.970967741935484
dbAMP_05035	6.753108607196297	0.16874999999999996
dbAMP_05036	3.778007345443349	-1.6272727272727272
dbAMP_05051	7.755076609494294	-1.7157894736842105
dbAMP_05124	3.7561056101932997	0.32857142857142846
dbAMP_05125	1.7590378321073534	-0.3875
dbAMP_05128	1.902870778344289	-0.011111111111111125
dbAMP_05139	4.755106609194298	-0.12727272727272732
dbAMP_05145	0.9038697793432897	0.05384615384615383
dbAMP_05153	3.7589730510244044	-0.8057142857142857
dbAMP_05154	3.7616617530567718	-0.8
dbAMP_05155	7.752109606197296	-0.36521739130434777
dbAMP_05164	5.754107608195298	-0.07142857142857142
dbAMP_05191	1.0167509338989023	-0.24444444444444446
dbAMP_05211	1.9107737664452968	-0.6069767441860465
dbAMP_05212	1.9107737664452968	-0.6651162790697674
dbAMP_05213	2.8226005771917095	-0.43255813953488376
dbAMP_05214	0.054541931599283	-0.31860465116279074
dbAMP_05215	-0.03263225665530367	-0.24186046511627912
dbAMP_05248	-1.2352764628632777	-0.26
dbAMP_05273	1.7392906330922813	0.88
dbAMP_05274	-0.2683688351270397	0.19545454545454544
dbAMP_05285	2.8255875802887114	-0.3333333333333333
dbAMP_05297	10.75344320444097	-0.6424242424242425
dbAMP_05298	17.83857158887249	-0.505072463768116
dbAMP_05363	5.753108607196298	-0.4230769230769231
dbAMP_05368	1.7184896518952604	-0.12857142857142861
dbAMP_05369	3.8226005771917095	-0.5488372093023255
dbAMP_05370	3.7354263889371224	-0.555813953488372
dbAMP_05373	-2.24674539405481	-1.1800000000000002
dbAMP_05392	1.8462020204619392	-1.0115384615384615
dbAMP_05403	2.8252792793240746	-0.5571428571428572
dbAMP_05405	9.90475976065129	-0.2982758620689655
dbAMP_05435	1.758103612191301	0.9142857142857143
dbAMP_05452	0.8282762823210774	0.9113636363636364
dbAMP_05492	4.755106609194298	0.19333333333333336
dbAMP_05493	4.755106609194298	0.26
dbAMP_05521	6.840282795450884	-0.6705882352941177
dbAMP_05554	2.7354263889371224	-0.1511627906976744
dbAMP_05555	4.811568826252854	-0.42500000000000004
dbAMP_05556	4.888842024408431	-0.4216216216216216
dbAMP_05557	0.9117727674442975	-0.7777777777777778
dbAMP_05558	1.890971786247277	-0.36818181818181817
dbAMP_05559	1.9107737664452968	-0.5744186046511628
dbAMP_05560	3.995939952801881	-0.5857142857142857
dbAMP_05561	1.913452468577662	-0.39722222222222225
dbAMP_05562	1.913452468577662	-0.41081081081081083
dbAMP_05563	1.913452468577662	-0.3918918918918919
dbAMP_05564	1.933254448775682	-0.3216216216216216
dbAMP_05565	1.933254448775682	-0.5702702702702703
dbAMP_05566	0.9315747476423173	-0.5540540540540541
dbAMP_05567	3.7245263978391114	-0.12325581395348835
dbAMP_05568	3.7344273879381213	-0.2534883720930233
dbAMP_05569	3.7344273879381213	-0.2534883720930233
dbAMP_05570	2.7354263889371224	-0.3136363636363636
dbAMP_05571	0.9790232155600214	-0.2972972972972973
dbAMP_05572	2.977146973502863	-0.49318181818181817
dbAMP_05573	2.977146973502863	-0.4295454545454545
dbAMP_05574	2.987047963601873	-0.5547619047619048
dbAMP_05575	2.977146973502863	-0.4738095238095238
dbAMP_05576	2.97702521356202	-0.2783783783783784
dbAMP_05577	0.816919111170388	-0.35
dbAMP_05593	2.7564608901158287	0.937142857142857
dbAMP_05605	0.8293322621779726	0.1640625
dbAMP_05741	-3.1754467714113943	-0.191
dbAMP_05742	-3.1754467714113943	-0.2118811881188119
dbAMP_05743	-3.1726463093381874	-0.44653465346534654
dbAMP_05744	-3.1726463093381874	-0.44653465346534654
dbAMP_05748	-3.653839458579153	-0.42752293577981654
dbAMP_05768	1.9336845096811626	0.8262295081967213
dbAMP_05820	-2.2307298831301527	1.7714285714285711
dbAMP_05857	3.7570946112922994	0.8875
dbAMP_05865	-2.2376568639310084	1.4615384615384615
dbAMP_05869	-0.23989838581069733	1.669230769230769
dbAMP_05934	0.8472658025438885	-0.2083333333333334
dbAMP_05989	6.787735081466874	-0.5514285714285715
dbAMP_06011	3.758083612391299	-0.5545454545454546
dbAMP_06016	4.845247800745884	0.4846153846153846
dbAMP_06027	-2.2567681440946634	1.2942857142857143
dbAMP_06033	7.699450132172444	0.2222222222222222
dbAMP_06039	0.7591026131903019	0.8399999999999999
dbAMP_06043	0.7591026131903019	0.74
dbAMP_06066	4.840272795550883	-0.6535714285714286
dbAMP_06068	3.7561056101932997	1.507142857142857
dbAMP_06069	4.754229368136142	0.8866666666666667
dbAMP_06070	3.7569180701685077	1.0583333333333333
dbAMP_06081	1.848900722394307	0.7508196721311475
dbAMP_06092	1.0009449576968867	-0.4485714285714286
dbAMP_06096	1.7571046111922999	1.2090909090909092
dbAMP_06099	-26.43822289283483	-0.08185483870967743
dbAMP_06100	-26.43904535271004	-0.08548387096774193
dbAMP_06132	1.4986002054250305	0.584
dbAMP_06133	7.5793503267801325	-0.01960784313725492
dbAMP_06150	3.105486417220443	-0.40571428571428575
dbAMP_06151	7.1024046333404875	-0.5270833333333333
dbAMP_06215	5.493605200430026	0.3
dbAMP_06224	-1.4055908401083776	-0.06614583333333335
dbAMP_06225	0.8579567058112794	-0.028235294117647077
dbAMP_06256	5.502585526643175	0.5485714285714286
dbAMP_06257	6.499775064669965	0.6585714285714286
dbAMP_06258	5.502585526643175	0.5385714285714286
dbAMP_06259	-5.935756299836033	-0.867843137254902
dbAMP_06271	-1.5662336814086624	0.24821428571428572
dbAMP_06272	0.7161873785981001	-0.2948148148148148
dbAMP_06281	-0.5673544423485071	0.28214285714285714
dbAMP_06286	-5.425199562620994	0.060714285714285686
dbAMP_06339	-13.04045850269026	-0.32117647058823534
dbAMP_06361	2.722011969902323	-0.07424242424242426
dbAMP_06404	-0.2725957224442368	-0.45725490196078433
dbAMP_06469	-12.14486090715291	-0.2622754491017964
dbAMP_06486	-1.1391165368354663	-0.23098039215686278
dbAMP_06507	-5.305763264202907	-0.0649122807017544
dbAMP_06533	-3.3394210133431868	-0.22162162162162166
dbAMP_06615	-2.199089649996612	0.06666666666666665
dbAMP_06622	-8.926492347786755	-0.20901960784313728
dbAMP_06631	3.5352604422855656	0.158
dbAMP_06632	-12.90071622849224	0.04624505928853753
dbAMP_06639	-10.838254377450216	-0.02117647058823531
dbAMP_06640	5.667066335981042	-0.5592592592592593
dbAMP_06682	3.4766136822052163	-0.027868852459016394
dbAMP_06696	-13.266788807235734	-0.35372549019607846
dbAMP_06697	-13.266788807235734	-0.35372549019607846
dbAMP_06698	-13.266788807235734	-0.34431372549019607
dbAMP_06717	-1.4947798696295482	0.5704545454545454
dbAMP_06735	-5.337202914491195	0.04117647058823528
dbAMP_06736	0.6574602237189682	-0.3065573770491803
dbAMP_06737	0.56928703446538	-0.2754098360655738
dbAMP_06738	-3.5312180881298483	-0.3031746031746032
dbAMP_06739	-1.4929684086553392	0.06363636363636363
dbAMP_06745	-3.2553613490183975	-0.24905660377358493
dbAMP_06750	-2.4449781197913127	-0.2957446808510638
dbAMP_06752	-2.533151309044901	-0.39361702127659576
dbAMP_06754	-0.4949116294703928	0.30769230769230765
dbAMP_06755	-8.772078789793076	-1.1744680851063831
dbAMP_06756	-11.217265337401686	-0.6895348837209303
dbAMP_06757	-10.29530401657458	-0.674712643678161
dbAMP_06769	6.630019317776524	-0.65
dbAMP_06789	6.861358305352962	-1.241044776119403
dbAMP_06808	3.1778628073048516	-0.08980392156862747
dbAMP_06809	3.1778628073048516	-0.08980392156862747
dbAMP_06810	3.1778628073048516	-0.1031372549019608
dbAMP_06811	3.1778628073048516	-0.1031372549019608
dbAMP_06812	3.1778628073048516	-0.1031372549019608
dbAMP_06917	-1.4209751005185183	0.8691891891891891
dbAMP_06922	5.5908826735125565	-0.6082474226804123
dbAMP_07374	5.583458090816979	-0.10930232558139537
dbAMP_07375	5.5814700887189765	0.20227272727272727
dbAMP_07376	5.583159789752342	0.20227272727272727
dbAMP_07377	3.4943606815473394	1.0108108108108107
dbAMP_07378	5.583458090816979	-0.14418604651162792
dbAMP_07404	1.429658554554492	0.3053571428571429
dbAMP_07419	-13.399940459136847	-0.563529411764706
dbAMP_07516	2.385166718222848	-0.8796460176991151
dbAMP_07519	14.29203550303215	-1.3297872340425532
dbAMP_07523	-12.4817039636652	0.21654135338345865
dbAMP_07524	-11.482824724605045	0.27894736842105267
dbAMP_07548	2.564776871558802	0.14516129032258066
dbAMP_07550	-4.532954768121107	0.06304347826086955
dbAMP_07551	-3.5329647680211083	-0.015217391304347835
dbAMP_07552	-3.241745676730127	-0.403448275862069
dbAMP_07556	9.73412024317297	-0.16913580246913582
dbAMP_07562	1.5001681465175527	1.3870967741935485
dbAMP_07608	2.459500404039564	0.115
dbAMP_07795	-4.342702078496773	-0.21176470588235297
dbAMP_07797	-7.253099827338705	0.23023255813953486
dbAMP_07848	3.49647264126113	0.08085106382978723
dbAMP_07849	3.49647264126113	0.08191489361702127
dbAMP_07850	3.49647264126113	0.10638297872340426
dbAMP_07851	3.49647264126113	0.09782608695652174
dbAMP_07852	2.497471642260132	0.1326086956521739
dbAMP_07853	2.500458645357133	0.14893617021276595
dbAMP_07854	2.497471642260132	0.08617021276595742
dbAMP_07906	0.5498951153728378	-0.06716417910447763
dbAMP_07911	7.7123950419598994	-0.11406250000000001
dbAMP_07912	5.627042314579524	-0.0015384615384615467
dbAMP_07913	5.637932305777534	-0.04444444444444445
dbAMP_07914	5.627042314579524	0.03538461538461538
dbAMP_07915	6.6242318526063135	-0.0015384615384615467
dbAMP_07937	-1.524482839926578	0.686046511627907
dbAMP_07938	-3.3427020784967736	0.1714285714285714
dbAMP_07939	-3.3427020784967736	-0.052941176470588255
dbAMP_07940	-3.3427020784967736	0.21428571428571427
dbAMP_07947	3.720836427779531	-0.4532258064516129
dbAMP_07948	2.63578200146379	-0.48709677419354835
dbAMP_07949	3.7218354287785322	-0.482258064516129
dbAMP_07950	3.7218354287785322	-0.4370967741935484
dbAMP_07952	6.540978887364779	-0.08169014084507041
dbAMP_07953	3.565589331534011	0.18450704225352113
dbAMP_07954	5.476695442546056	0.31842105263157894
dbAMP_07958	6.553558579596154	-0.04647887323943662
dbAMP_07959	5.550758117522946	0.030555555555555558
dbAMP_07960	5.46738339234057	-0.07887323943661972
dbAMP_07962	5.46738339234057	0.01971830985915493
dbAMP_07963	7.463573929368358	-0.004225352112676051
dbAMP_07964	5.46738339234057	-0.014084507042253521
dbAMP_07965	4.546888112475833	-0.17083333333333334
dbAMP_07966	6.630953537692576	-0.08243243243243242
dbAMP_07968	5.4744939202663705	-0.24310344827586206
dbAMP_07969	5.4744939202663705	-0.25
dbAMP_07970	5.4744939202663705	-0.24310344827586206
dbAMP_07974	3.7218354287785322	-0.6112903225806451
dbAMP_08150	2.7190897478882703	-0.3381818181818182
dbAMP_08161	1.50678026923792	-0.6549999999999999
dbAMP_08173	2.72007874898727	-0.3472727272727273
dbAMP_08174	2.4593138630157707	0.0459016393442623
dbAMP_08175	3.458193102075926	0.0459016393442623
dbAMP_08196	-7.335083152552352	0.019607843137254888
dbAMP_08204	1.4807114463420614	0.23333333333333336
dbAMP_08227	3.5689787335007432	-0.4131147540983606
dbAMP_08312	4.584447091915978	-0.6833333333333333
dbAMP_08330	0.5580829814107817	-0.24583333333333332
dbAMP_08333	-2.4274724426559304	-0.20985915492957744
dbAMP_08334	-1.4249255003644095	-0.29859154929577464
dbAMP_08351	4.478293383338582	-0.4612903225806451
dbAMP_08363	2.451830935920242	-0.035849056603773584
dbAMP_08405	5.494966600698753	-0.5886363636363637
dbAMP_08416	-0.15543077106679704	-0.6877049180327869
dbAMP_08466	2.4989826044947585	1.00625
dbAMP_08471	3.7217136688376886	-0.29642857142857143
dbAMP_08488	-3.5276521450393243	0.18275862068965518
dbAMP_08489	-2.528772905979169	0.23620689655172414
dbAMP_08492	-1.341419015341188	-0.637313432835821
dbAMP_08510	-6.39122008938838	-0.0031746031746031677
dbAMP_08511	-5.509329768920684	-0.1842105263157895
dbAMP_08516	-10.924481351989908	0.0968627450980392
dbAMP_08530	2.497471642260132	0.08510638297872339
dbAMP_08713	3.4781816232977385	-0.35882352941176476
dbAMP_08787	-4.429577965686725	-0.07083333333333336
dbAMP_08788	-4.342403777432139	-0.17500000000000004
dbAMP_08789	-3.3428238384376177	-0.23958333333333337
dbAMP_08801	-1.5139559308761532	-0.22191780821917811
dbAMP_08804	-2.509069262694292	-0.2516129032258065
dbAMP_08805	-3.4029937583275434	-0.08000000000000004
dbAMP_08807	1.5408813662319858	-0.20909090909090913
dbAMP_08808	0.5418803672309869	-0.08363636363636366
dbAMP_08809	0.5418803672309869	-0.08181818181818183
dbAMP_08811	-10.014999598696935	-0.09607843137254904
dbAMP_08812	-12.097031261323718	-0.0427450980392157
dbAMP_08813	-9.013219355888662	-0.11372549019607844
dbAMP_08814	-11.839718220737648	-0.09686274509803923
dbAMP_08815	-14.007668973917145	-0.11764705882352942
dbAMP_08817	-13.910417254439757	-0.08745098039215687
dbAMP_08819	-10.026011349835787	-0.023137254901960794
dbAMP_08821	-11.109387433473408	-0.13725490196078433
dbAMP_08824	-16.914485018876597	-0.15176470588235294
dbAMP_08826	-0.34324047621539844	-0.5967213114754099
dbAMP_08831	-4.534644469154474	0.004347826086956516
dbAMP_08853	3.5691452747245345	-0.334375
dbAMP_08860	-0.4394931946937861	-0.2821917808219178
dbAMP_08861	-0.4294704446539317	-0.25921052631578945
dbAMP_08862	-0.4294704446539317	-0.2486842105263158
dbAMP_08863	-0.4294704446539317	-0.28289473684210525
dbAMP_08868	-1.4292939035301409	-0.43333333333333335
dbAMP_08870	-2.427594202596774	-0.27222222222222225
dbAMP_08872	-3.4236629796837192	-0.17714285714285716
dbAMP_08874	-1.341419015341188	-0.1625
dbAMP_08931	1.4986002054250305	0.20909090909090908
dbAMP_08942	-0.4957788706285493	0.3977272727272727
dbAMP_08943	-0.4957788706285493	0.46136363636363636
dbAMP_08955	2.4783033832385826	-0.1403225806451613
dbAMP_08984	-1.4211160373921974	0.06527777777777775
dbAMP_08990	-1.446220640672001	-0.5333333333333333
dbAMP_09022	5.628031315678524	-0.01076923076923078
dbAMP_09049	1.8248409105198142	0.00044444444444443547
dbAMP_09060	3.588544856052824	-1.2925925925925925
dbAMP_09064	3.567577333632011	0.05352112676056337
dbAMP_09065	3.479282384437581	0.2661971830985915
dbAMP_09170	6.631820778850733	-0.5372881355932203
dbAMP_09192	-0.4953536498115083	-1.2714285714285716
dbAMP_09193	0.5003446876413439	-1.2714285714285716
dbAMP_09280	-5.435445972731839	0.1359375
dbAMP_09295	-13.839392257637257	-0.18313725490196078
dbAMP_09309	-6.139767155472359	-0.05529411764705883
dbAMP_09310	-6.12986616537335	-0.048627450980392166
dbAMP_09311	-6.12986616537335	-0.048627450980392166
dbAMP_09312	-7.127055703400142	-0.06941176470588237
dbAMP_09339	0.4522709967257219	-0.18392857142857144
dbAMP_09345	-0.3542286714240568	-0.41621621621621624
dbAMP_09351	-0.49759033160275834	0.4295454545454545
dbAMP_09352	-0.49759033160275834	0.3590909090909091
dbAMP_09380	2.514527934481075	-0.5051020408163265
dbAMP_09393	3.474680461290163	-0.11399999999999999
dbAMP_09405	2.6235553914799974	0.18596491228070175
dbAMP_09406	3.622556390480997	0.08596491228070174
dbAMP_09407	2.6235553914799974	0.14035087719298245
dbAMP_09408	3.622556390480997	-0.005263157894736855
dbAMP_09409	3.53538220222641	-0.010526315789473694
dbAMP_09410	3.53538220222641	-0.015789473684210534
dbAMP_09411	2.6235553914799974	0.14035087719298245
dbAMP_09412	2.6235553914799974	0.12982456140350876
dbAMP_09416	4.534261441286565	-0.0035087719298245645
dbAMP_09417	4.534261441286565	-0.008771929824561403
dbAMP_09419	3.631346619540164	0.03333333333333332
dbAMP_09426	-3.122705914329899	0.03173076923076922
dbAMP_09432	7.492988598500753	-0.08431372549019607
dbAMP_09436	0.5933655175989827	0.03296703296703297
dbAMP_09437	-6.345204239505349	0.4045454545454545
dbAMP_09439	-5.51621033299499	0.1576923076923077
dbAMP_09445	-26.382740380015587	-0.25960784313725493
dbAMP_09447	3.7399377080431853	-0.47833333333333333
dbAMP_09448	4.7388169471033414	-0.42666666666666664
dbAMP_09452	-1.4094171423491706	0.6068181818181818
dbAMP_09454	-18.044274409218616	-0.3580392156862745
dbAMP_09457	0.6585140059009165	0.2268292682926829
dbAMP_09462	1.7466236325374922	-0.176
dbAMP_09466	13.567760031246529	-0.24603960396039606
dbAMP_09477	-0.4294156634709845	-0.2111111111111111
dbAMP_09487	2.720068749087269	-0.6707317073170732
dbAMP_09495	-29.11284846276482	-0.3325490196078431
dbAMP_09496	-28.11565892473803	-0.32039215686274514
dbAMP_09497	-28.11565892473803	-0.3172549019607843
dbAMP_09502	6.47547292146537	-0.35737704918032787
dbAMP_09560	4.501949607791758	1.009090909090909
dbAMP_09574	-12.242657007027642	-0.6215686274509804
dbAMP_09657	4.897951772798172	-0.5058823529411764
dbAMP_09696	1.7275234008361142	0.18620689655172415
dbAMP_09707	1.758103612191301	0.8714285714285713
dbAMP_09713	-0.23989838581069733	-0.5444444444444445
dbAMP_09716	-0.15249067757442392	0.9593220338983051
dbAMP_09718	-2.2655483732538286	0.84
dbAMP_09719	-2.2655483732538286	0.6914285714285714
dbAMP_09720	-2.2655483732538286	0.6294117647058823
dbAMP_09722	1.843279798447886	0.5230769230769231
dbAMP_09779	1.8363658114458783	-0.04347826086956521
dbAMP_09808	-1.2443869523227158	-1.0222222222222221
dbAMP_09809	1.8245885792897099	0.19791666666666666
dbAMP_09810	5.733286627198275	0.382
dbAMP_09811	0.8193642933210672	-0.3592592592592592
dbAMP_09812	2.819990212272484	-0.1774193548387097
dbAMP_09813	2.819990212272484	-0.1774193548387097
dbAMP_09814	-0.1537231985551114	-0.5857142857142857
dbAMP_09872	3.610363655976194	-0.23304721030042921
dbAMP_09899	-1.0386606704484347	1.2666666666666666
dbAMP_09904	1.0447040548339417	0.5874999999999999
dbAMP_09960	5.036054902637764	0.33249999999999996
dbAMP_09961	5.026153912538754	0.3890243902439024
dbAMP_10004	-0.9811894524908773	0.6
dbAMP_10023	2.9575098667793527	-2.35
dbAMP_10113	0.8264748212468691	1.0209302325581395
dbAMP_10149	1.7491916231912912	-1.5166666666666666
dbAMP_10169	1.785997175922863	-0.5068181818181818
dbAMP_10192	5.855214267881342	-0.79
dbAMP_10226	-2.2386558649300095	-1.0999999999999999
dbAMP_10278	-1.2370879238374872	-0.00909090909090916
dbAMP_10343	1.8103875232381084	0.53125
dbAMP_10352	0.730388643992272	2.1333333333333333
dbAMP_10364	0.7402896340912819	0.45
dbAMP_10368	4.700645674095238	0.35555555555555557
dbAMP_10398	4.218616751387488	-0.708411214953271
dbAMP_10399	3.955262882405016	-1.1816666666666666
dbAMP_10405	5.756075610493296	-0.90625
dbAMP_10428	6.754097608295297	0.32916666666666666
dbAMP_10468	3.7402596343912786	0.9416666666666668
dbAMP_10481	5.756085610393297	0.7478260869565218
dbAMP_10600	2.843269798547885	0.337037037037037
dbAMP_10602	3.8244568194488653	0.43157894736842106
dbAMP_10603	0.7600916142893016	0.20833333333333337
dbAMP_10637	0.7628920763625109	-2.1
dbAMP_10657	6.698627672297235	-0.22258064516129034
dbAMP_10736	4.758987832607348	-0.65625
dbAMP_10840	-5.760767722757393	-0.6152709359605911
dbAMP_10907	1.4347127323059912	-0.7491525423728814
dbAMP_10908	6.51161367128115	-0.022580645161290325
dbAMP_10909	5.4234504819275635	0.0870967741935484
dbAMP_10914	-0.5992594813764603	1.0071428571428571
dbAMP_10915	-0.5992594813764603	1.146153846153846
dbAMP_10916	-0.5893584912774504	1.48
dbAMP_10918	-0.5992594813764603	1.1071428571428572
dbAMP_10923	-0.5992594813764603	1.0071428571428571
dbAMP_10924	-0.5992594813764603	1.2
dbAMP_10927	-2.5772159792987517	0.5638888888888889
dbAMP_11011	12.627421829533757	-0.6803921568627451
dbAMP_11019	2.4457388623422034	-0.5344827586206896
dbAMP_11022	3.466529843639223	-0.47586206896551725
dbAMP_11077	4.543548163557868	-0.6923076923076923
dbAMP_11090	14.814835572495625	-1.3386363636363636
dbAMP_11116	4.4275482460644096	-0.22
dbAMP_11147	1.5344696333340666	-0.44468085106382976
dbAMP_11182	1.6108186114735932	0.007499999999999974
dbAMP_11183	1.6108186114735932	-0.08974358974358977
dbAMP_11205	-0.5380420798081915	-0.8461538461538461
dbAMP_11245	-1.5766470392052305	1.2684210526315791
dbAMP_11247	-2.444516407962121	-0.029166666666666664
dbAMP_11254	-0.5766570391052315	0.8904761904761904
dbAMP_11268	3.4195134981225555	0.6592592592592593
dbAMP_11270	-0.5903574922764515	0.35714285714285715
dbAMP_11273	-0.3853719255541961	0.5756756756756757
dbAMP_11278	0.46013645931759795	0.01111111111111112
dbAMP_11280	-6.579407508765248	0.4547619047619048
dbAMP_11301	-1.5370430788091909	0.41818181818181815
dbAMP_11366	7.362479618275591	-0.3558823529411765
dbAMP_11367	1.379122293260866	-0.4730769230769231
dbAMP_11425	-3.343903769904843	-0.43333333333333335
dbAMP_11432	0.35840609294679604	0.284375
dbAMP_11451	2.3725223681154466	-0.18292682926829265
dbAMP_11452	2.3527203879174268	-0.11860465116279069
dbAMP_11453	2.35284214785827	-0.1883720930232558
dbAMP_11525	2.372400608174603	0.45121951219512196
dbAMP_11526	-0.602802406632373	-1.1125
dbAMP_11527	2.3943123504114676	0.26216216216216215
dbAMP_11528	0.39719759336762717	1.2727272727272727
dbAMP_11529	-0.6216053858313917	1.0761904761904764
dbAMP_11530	1.3575836330715867	0.2870967741935484
dbAMP_11535	0.48437178162221406	0.44444444444444436
dbAMP_11536	-0.5143856974970973	0.10740740740740738
dbAMP_11541	-0.6018034056333719	-0.1416666666666667
dbAMP_11563	-0.5325627577447012	-0.5351351351351351
dbAMP_11564	-0.5255140170030019	-0.5902439024390244
dbAMP_11568	3.438895575173013	-0.02978723404255319
dbAMP_11573	1.335793650775566	0.1641025641025641
dbAMP_11574	-1.5244084475369513	0.38857142857142857
dbAMP_11575	0.37739561316960746	1.2142857142857142
dbAMP_11576	1.3664856221715955	0.20689655172413793
dbAMP_11577	1.3575836330715867	0.25625000000000003
dbAMP_11580	1.3763966121706068	1.42
dbAMP_11581	1.3763966121706068	1.26
dbAMP_11598	0.38741836320946144	0.5592592592592592
dbAMP_11637	0.4653174803164539	-0.6361111111111111
dbAMP_11642	-2.974168648008707	0.03725490196078431
dbAMP_11643	3.7299823860591474	1.0072463768115942
dbAMP_11659	-1.2632011480716374	0.5777777777777777
dbAMP_11692	3.73207214829799	-1.685
dbAMP_11736	-0.26601161004484764	2.353333333333333
dbAMP_11739	-0.26601161004484764	2.106666666666667
dbAMP_11741	-0.2670106110438486	2.08
dbAMP_11749	-0.21844138218630027	-0.24285714285714288
dbAMP_11750	-0.21844138218630027	-0.13255813953488374
dbAMP_11751	-1.1780249618150525	0.3999999999999999
dbAMP_11763	2.7012784167611192	0.39999999999999997
dbAMP_11832	-0.26601161004484764	1.723076923076923
dbAMP_11839	0.6763839104353013	0.675
dbAMP_11840	1.6814864364631004	0.7310344827586207
dbAMP_11852	-1.2053063129784105	-0.3254901960784314
dbAMP_11854	-0.2792984459803991	0.10806451612903224
dbAMP_11858	2.7983535951147163	0.04571428571428573
dbAMP_11859	3.712970868034336	-0.2770833333333333
dbAMP_11880	2.784588360860547	-0.10408163265306122
dbAMP_11894	0.7329793890561502	1.175
dbAMP_11948	1.6636724583630813	0.7363636363636363
dbAMP_11949	-0.3155165605398971	0.3333333333333333
dbAMP_11950	1.693375428660111	0.803448275862069
dbAMP_11986	1.7121884077591312	1.66
dbAMP_11989	-0.26601161004484764	2.3
dbAMP_11990	-0.26601161004484764	2.3
dbAMP_11991	-0.26601161004484764	2.3
dbAMP_11995	0.907327765565324	0.6499999999999999
dbAMP_12012	-1.24008492683449	1.197674418604651
dbAMP_12037	1.7104101226704609	0.190625
dbAMP_12038	1.7104101226704609	0.2875
dbAMP_12039	0.7985833119240486	0.321875
dbAMP_12130	6.811568826252854	0.5933333333333334
dbAMP_12132	6.811568826252854	0.09000000000000001
dbAMP_12138	-1.2683588352270387	0.7354838709677419
dbAMP_12139	-2.9809997490831686	-0.42000000000000004
dbAMP_12140	0.7203111127694704	0.39999999999999997
dbAMP_12148	-0.23989838581069733	0.03999999999999998
dbAMP_12149	1.7391040920684881	-0.60625
dbAMP_12155	-1.2370879238374872	0.9315789473684211
dbAMP_12156	1.7194886528942614	0.4548387096774194
dbAMP_12159	-1.0626177873874694	-1.0
dbAMP_12160	-1.1497919756420563	-0.7444444444444445
dbAMP_12179	-1.1697804968638685	-0.13
dbAMP_12251	4.833768186776494	0.04433962264150942
dbAMP_12252	1.757094611292299	0.25
dbAMP_12283	0.8247203391305544	0.5338709677419355
dbAMP_12284	0.758103612191301	0.10833333333333328
dbAMP_12286	5.753108607196298	-0.4454545454545455
dbAMP_12287	4.754107608195298	-0.3318181818181818
dbAMP_12293	0.8356203302285654	0.6916666666666668
dbAMP_12294	0.8257193401295555	0.7779661016949152
dbAMP_12297	0.7383016319932811	0.9527777777777777
dbAMP_12342	11.102654799247745	-1.0510204081632653
dbAMP_12349	0.740048311884542	-0.4696969696969697
dbAMP_12350	0.8146975890907009	-0.06285714285714285
dbAMP_12351	1.7255253988381125	0.1542857142857143
dbAMP_12356	-2.2655483732538286	0.72
dbAMP_12361	1.7938765858560854	0.85
dbAMP_12362	4.631477832929768	-0.12666666666666673
