sequence	group	net_charge	gravy_index
TRINITY_DN144483_c7_g1_i1.p5	our_amps	-0.327294938	0.628571429
TRINITY_DN131149_c0_g2_i1.p2	our_amps	3.8442688	0.048571429
TRINITY_DN138312_c4_g6_i3.p2	our_amps	-8.082324756	-0.583333333
TRINITY_DN139333_c4_g6_i1.p1	our_amps	1.022301247	-0.563917526
TRINITY_DN142511_c2_g2_i11.p5	our_amps	-0.159702966	-1.494117647
TRINITY_DN138200_c2_g1_i1.p2	our_amps	6.471451157	-0.413888889
TRINITY_DN145252_c3_g1_i1.p1	our_amps	-1.995433937	-0.482191781
TRINITY_DN142922_c7_g5_i2.p1	our_amps	-3.195137014	0.456578947
TRINITY_DN144415_c2_g1_i4.p3	our_amps	-0.233942182	-0.713793103
TRINITY_DN144673_c2_g1_i6.p4	our_amps	-0.238974166	-0.370588235
TRINITY_DN137631_c5_g1_i2.p3	our_amps	5.952524862	0.2625
TRINITY_DN145839_c0_g1_i20.p2	our_amps	1.028382843	-0.658139535
TRINITY_DN144291_c5_g7_i1.p3	our_amps	-1.157471444	-0.965
TRINITY_DN144384_c5_g1_i3.p1	our_amps	0.851329941	0.144
TRINITY_DN136668_c3_g2_i2.p10	our_amps	-0.510545304	2.05
TRINITY_DN136118_c0_g1_i1.p1	our_amps	6.486352913	-0.925
TRINITY_DN143096_c2_g1_i1.p6	our_amps	5.753098607	-1.553846154
TRINITY_DN145291_c1_g1_i10.p4	our_amps	1.761893075	-1.34
TRINITY_DN136903_c2_g1_i6.p1	our_amps	-2.251265186	0.04556962
TRINITY_DN137350_c1_g1_i5.p2	our_amps	4.820881256	-0.263829787
TRINITY_DN391824_c1_g1_i1.p3	our_amps	0.847509322	-0.388888889
TRINITY_DN130289_c0_g1_i1.p1	our_amps	0.510159671	0.122727273
TRINITY_DN134643_c0_g1_i1.p1	our_amps	6.843063258	1.104411765
TRINITY_DN1091132_c10_g1_i1.p3	our_amps	5.664575533	-0.183333333
TRINITY_DN143457_c1_g1_i1.p2	our_amps	-2.46704695	0.37826087
TRINITY_DN133076_c0_g4_i1.p5	our_amps	-0.322262954	-0.823076923
TRINITY_DN127733_c0_g2_i2.p2	our_amps	-1.108761138	-0.420754717
TRINITY_DN136156_c0_g2_i2.p9	our_amps	2.758916072	-2.54
TRINITY_DN145373_c0_g1_i2.p5	our_amps	2.480619298	-1.635294118
TRINITY_DN131100_c0_g1_i5.p3	our_amps	-2.073087718	0.125
TRINITY_DN145655_c4_g1_i2.p3	our_amps	3.584457092	-0.042307692
TRINITY_DN143985_c1_g7_i1.p5	our_amps	2.761828294	-1.475
TRINITY_DN60060_c0_g9_i1.p12	our_amps	3.794679046	-2.92
TRINITY_DN129538_c3_g1_i1.p10	our_amps	0.501167148	0.245454545
TRINITY_DN145717_c0_g1_i3.p4	our_amps	1.481466927	-0.966666667
TRINITY_DN141713_c1_g2_i1.p1	our_amps	7.478675041	-0.694736842
TRINITY_DN141713_c1_g2_i3.p1	our_amps	7.478675041	-0.694736842
TRINITY_DN138543_c2_g6_i1.p4	our_amps	-0.238086925	0.585714286
TRINITY_DN144474_c1_g1_i1.p8	our_amps	0.499355687	1.49
TRINITY_DN145389_c1_g1_i12.p8	our_amps	1.506394427	0.466666667
TRINITY_DN151468_c5_g1_i1.p8	our_amps	1.506394427	0.466666667
TRINITY_DN145458_c4_g1_i1.p8	our_amps	1.506394427	0.466666667
TRINITY_DN92149_c2_g3_i1.p6	our_amps	-1.50492438	0.158333333
TRINITY_DN144823_c1_g2_i1.p4	our_amps	1.586519875	-0.742857143
TRINITY_DN145548_c1_g1_i5.p4	our_amps	1.506384427	0.333333333
TRINITY_DN145477_c0_g1_i4.p4	our_amps	-1.262090387	0.02
TRINITY_DN145304_c3_g1_i2.p5	our_amps	2.849879724	-1.3
TRINITY_DN145264_c2_g1_i1.p4	our_amps	-0.602802407	1.722727273
TRINITY_DN144811_c2_g1_i2.p6	our_amps	0.763013836	-0.75
TRINITY_DN145741_c0_g1_i2.p5	our_amps	1.762014835	-0.886956522
TRINITY_DN144747_c1_g1_i4.p3	our_amps	3.759139592	-1.719230769
TRINITY_DN142174_c7_g1_i1.p1	our_amps	2.762126595	-1.762962963
TRINITY_DN144974_c2_g2_i18.p1	our_amps	-2.139942773	-0.477419355
TRINITY_DN145141_c0_g1_i13.p2	our_amps	0.767046819	-0.98
TRINITY_DN142862_c0_g1_i1.p1	our_amps	2.765916059	-1.048780488
TRINITY_DN144633_c0_g1_i1.p3	our_amps	1.76872652	-0.890243902
TRINITY_DN141022_c2_g2_i1.p1	our_amps	6.71821833	0.029577465
TRINITY_DN143156_c8_g1_i3.p1	our_amps	-2.536078999	-0.036263736
TRINITY_DN142388_c1_g1_i2.p11	our_amps	0.837630079	-1.9
TRINITY_DN145854_c3_g1_i2.p7	our_amps	0.837630079	-1.9
TRINITY_DN144754_c1_g1_i1.p8	our_amps	-1.496713091	0.34
TRINITY_DN136922_c1_g3_i3.p6	our_amps	1.499345687	-1.57
TRINITY_DN144825_c5_g1_i5.p7	our_amps	-1.273102138	2.281818182
TRINITY_DN143036_c3_g1_i1.p7	our_amps	0.936373212	-1.430769231
TRINITY_DN144672_c0_g1_i1.p5	our_amps	-0.238096925	-0.684615385
TRINITY_DN137096_c3_g3_i1.p7	our_amps	-2.163050621	-0.14
TRINITY_DN144558_c2_g1_i2.p7	our_amps	-1.262090387	-0.42
TRINITY_DN140952_c1_g1_i1.p3	our_amps	0.840430541	-1.317647059
TRINITY_DN144720_c1_g1_i6.p3	our_amps	-0.228938422	-0.005
TRINITY_DN145261_c61_g1_i4.p3	our_amps	0.498356686	1.327272727
TRINITY_DN144811_c2_g1_i1.p6	our_amps	0.763013836	-0.75
TRINITY_DN142178_c2_g1_i3.p4	our_amps	-0.237975165	-0.531818182
TRINITY_DN145502_c1_g1_i5.p5	our_amps	0.763013836	-0.563636364
TRINITY_DN385865_c1_g1_i1.p3	our_amps	0.763135596	-0.792
TRINITY_DN144465_c6_g1_i3.p4	our_amps	4.847881722	-0.340740741
TRINITY_DN145050_c1_g1_i3.p3	our_amps	0.79890857	-0.482758621
TRINITY_DN145422_c2_g1_i12.p2	our_amps	-0.439917928	-0.7125
TRINITY_DN143683_c0_g1_i8.p5	our_amps	1.767737519	-1.697058824
TRINITY_DN136312_c3_g1_i18.p3	our_amps	0.830264284	0.454285714
TRINITY_DN137096_c2_g1_i1.p3	our_amps	0.85840287	-0.868571429
TRINITY_DN144690_c1_g2_i6.p2	our_amps	5.837970732	-0.28974359
TRINITY_DN142590_c2_g1_i1.p3	our_amps	-1.270883263	0.49
TRINITY_DN140874_c2_g1_i6.p1	our_amps	1.897076869	0.645070423
TRINITY_DN140874_c2_g1_i5.p1	our_amps	1.600342238	0.51547619
TRINITY_DN139116_c3_g1_i4.p2	our_amps	-4.511612649	-0.0125
TRINITY_DN145774_c5_g2_i5.p9	our_amps	-3.148671215	-0.430769231
TRINITY_DN134571_c44_g1_i3.p7	our_amps	-0.499645312	0.145454545
TRINITY_DN144971_c2_g1_i1.p2	our_amps	0.757216371	-0.154166667
TRINITY_DN142562_c4_g9_i3.p6	our_amps	1.489444697	0.054545455
TRINITY_DN138674_c4_g1_i1.p5	our_amps	2.761716534	-1.220833333
TRINITY_DN137133_c9_g1_i1.p11	our_amps	-0.499645312	1.075
TRINITY_DN139720_c6_g2_i1.p4	our_amps	2.757104611	0.13
TRINITY_DN142526_c5_g1_i7.p5	our_amps	1.75610561	0.4
TRINITY_DN141378_c0_g1_i1.p7	our_amps	0.763714536	-2.93
TRINITY_DN142969_c1_g1_i4.p2	our_amps	1.46429856	-0.983783784
TRINITY_DN143018_c44_g10_i2.p3	our_amps	0.500466448	1.259090909
TRINITY_DN612198_c2_g1_i1.p1	our_amps	3.938045111	-1.541463415
TRINITY_DN102902_c0_g1_i1.p4	our_amps	3.495359683	-0.053333333
TRINITY_DN135950_c1_g1_i1.p9	our_amps	4.455151454	-1.625
TRINITY_DN141075_c3_g1_i1.p9	our_amps	3.457961916	-1.7
TRINITY_DN144063_c5_g2_i1.p7	our_amps	0.765647757	-1.891666667
TRINITY_DN140586_c3_g1_i1.p1	our_amps	-3.245577654	0.505405405
TRINITY_DN138681_c7_g1_i1.p3	our_amps	6.748965083	-0.751515152
TRINITY_DN143020_c3_g1_i1.p2	our_amps	3.761127594	0.15
TRINITY_DN142309_c15_g5_i3.p3	our_amps	-5.150586252	-0.942857143
TRINITY_DN145297_c11_g1_i1.p3	our_amps	0.887650699	-0.436363636
TRINITY_DN144610_c1_g1_i1.p4	our_amps	-1.23136524	-1.392857143
TRINITY_DN143169_c2_g1_i6.p4	our_amps	0.674804824	-0.654545455
TRINITY_DN144771_c2_g7_i2.p1	our_amps	2.603091325	-0.56
TRINITY_DN131740_c0_g1_i1.p1	our_amps	11.47684418	-0.75308642
TRINITY_DN145457_c2_g1_i4.p3	our_amps	4.76215535	-1.807692308
TRINITY_DN144643_c3_g1_i1.p3	our_amps	4.751255359	-0.857142857
TRINITY_DN145245_c6_g1_i2.p2	our_amps	1.758448892	-0.010344828
TRINITY_DN145245_c6_g1_i5.p2	our_amps	1.758448892	-0.010344828
id_00028	microbial_amps	-1.279380586	1.157142857
id_00035	microbial_amps	5.753108607	-0.423076923
id_00145	microbial_amps	3.712970868	-0.277083333
id_00199	microbial_amps	1.913452469	-0.391891892
id_00204	microbial_amps	2.794773849	0.405882353
id_00205	microbial_amps	2.881948037	0.414705882
id_00206	microbial_amps	1.710410123	0.190625
id_00207	microbial_amps	7.362479618	-0.355882353
id_00480	microbial_amps	-1.151911738	0.4
id_00499	microbial_amps	-0.26601161	2.106666667
id_00529	microbial_amps	0.798583312	0.321875
id_00530	microbial_amps	1.681486436	0.731034483
id_00590	microbial_amps	-1.279380586	1.171428571
id_00594	microbial_amps	4.180434586	-0.981818182
id_00631	microbial_amps	3.734427388	-0.253488372
id_00632	microbial_amps	2.735426389	-0.313636364
id_00633	microbial_amps	1.910773766	-0.574418605
id_00634	microbial_amps	2.977146974	-0.493181818
id_00635	microbial_amps	1.913452469	-0.410810811
id_00636	microbial_amps	1.862873714	-0.076744186
id_00637	microbial_amps	2.774867066	-0.185365854
id_00673	microbial_amps	2.701278417	0.4
id_00674	microbial_amps	-1.199418686	0.1625
id_00726	microbial_amps	-0.239898386	0.727272727
id_00766	microbial_amps	-0.152490678	0.996551724
id_00767	microbial_amps	3.729982386	1.007246377
id_00768	microbial_amps	5.026153913	0.38902439
id_00807	microbial_amps	2.819990212	-0.177419355
id_00841	microbial_amps	3.438895575	-0.029787234
id_00842	microbial_amps	2.352720388	-0.118604651
id_00843	microbial_amps	2.352842148	-0.188372093
id_00844	microbial_amps	2.977146974	-0.429545455
id_00845	microbial_amps	3.822600577	-0.548837209
id_00846	microbial_amps	3.734427388	-0.253488372
id_00847	microbial_amps	2.735426389	-0.151162791
id_00848	microbial_amps	1.910773766	-0.606976744
id_00849	microbial_amps	-0.532562758	-0.535135135
id_00850	microbial_amps	0.979023216	-0.297297297
id_00851	microbial_amps	2.977025214	-0.278378378
id_00852	microbial_amps	4.888842024	-0.421621622
id_00853	microbial_amps	0.864861716	-0.15
id_00854	microbial_amps	3.860165012	-0.690697674
id_00865	microbial_amps	1.534469633	-0.459574468
id_00923	microbial_amps	1.862873714	-0.076744186
id_00927	microbial_amps	-2.237843405	1.001724138
id_00928	microbial_amps	-2.265548373	0.691428571
id_00929	microbial_amps	5.502585527	0.548571429
id_00930	microbial_amps	-0.032632257	-0.241860465
id_00931	microbial_amps	2.75646089	0.937142857
id_00932	microbial_amps	-0.152490678	1.036206897
id_00995	microbial_amps	-0.237097924	-1.4
id_00996	microbial_amps	-2.158693965	0.825
id_00997	microbial_amps	2.794773849	0.523529412
id_00998	microbial_amps	1.87705477	-0.477777778
id_01000	microbial_amps	-1.092442518	0.452
id_01001	microbial_amps	0.819364293	-0.359259259
id_01002	microbial_amps	1.718489652	-0.128571429
id_01003	microbial_amps	1.717500651	-0.013636364
id_01004	microbial_amps	-2.245868153	1.122222222
id_01131	microbial_amps	7.492988599	-0.084313725
id_01137	microbial_amps	-1.279380586	1.142857143
id_01138	microbial_amps	-1.279380586	1.157142857
id_01151	microbial_amps	3.845613081	-0.743589744
id_01152	microbial_amps	4.543548164	-0.692307692
id_01154	microbial_amps	2.792047323	-0.35106383
id_01155	microbial_amps	2.921228324	-0.461538462
id_01156	microbial_amps	1.843279798	0.523076923
id_01165	microbial_amps	-3.241745677	-0.403448276
id_01167	microbial_amps	4.840272796	-0.653571429
id_01168	microbial_amps	3.75691807	1.058333333
id_01169	microbial_amps	1.824588579	0.197916667
id_01170	microbial_amps	0.82571934	0.777966102
id_01171	microbial_amps	0.824720339	0.533870968
id_01172	microbial_amps	1.739290633	0.88
id_01173	microbial_amps	1.739290633	0.88
id_01174	microbial_amps	0.828276282	0.911363636
id_01175	microbial_amps	3.928567745	-0.415151515
id_01176	microbial_amps	0.377395613	1.214285714
id_01177	microbial_amps	3.845369561	0.086666667
id_01178	microbial_amps	3.760995835	-0.932
id_01179	microbial_amps	4.739317612	-0.41627907
id_01180	microbial_amps	1.836365811	-0.043478261
id_01181	microbial_amps	0.860371553	-0.36
id_01182	microbial_amps	10.73698707	-0.417142857
id_01183	microbial_amps	2.862975474	-0.745454545
id_01184	microbial_amps	2.862975474	-0.745454545
id_01185	microbial_amps	3.900305583	-0.375471698
id_01186	microbial_amps	9.904759761	-0.298275862
id_01187	microbial_amps	3.478181623	-0.358823529
id_01188	microbial_amps	5.494966601	-0.588636364
id_01189	microbial_amps	6.791662043	0.063636364
id_01190	microbial_amps	5.58315979	0.202272727
id_01191	microbial_amps	5.581470089	0.202272727
id_01192	microbial_amps	-2.577215979	0.563888889
id_01193	microbial_amps	-4.329999861	0.885526316
id_01194	microbial_amps	-1.190394937	-0.29
id_01195	microbial_amps	-0.268368835	0.195454545
id_01196	microbial_amps	-4.147550454	0.06547619
id_01197	microbial_amps	2.862975474	-0.745454545
id_01198	microbial_amps	-2.256768144	1.294285714
id_01199	microbial_amps	3.995939953	-0.585714286
id_01200	microbial_amps	-0.179626706	0.176
id_01201	microbial_amps	-0.093441519	0.051851852
id_01202	microbial_amps	-0.08453953	0.292592593
id_01203	microbial_amps	1.902870778	-0.011111111
id_01204	microbial_amps	0.90555948	0.111538462
id_01205	microbial_amps	-0.385371926	0.575675676
id_01206	microbial_amps	-1.276691884	0.94
id_01224	microbial_amps	-0.26601161	2.353333333
id_01225	microbial_amps	-0.267010611	2.08
id_01226	microbial_amps	-0.49535365	-1.271428571
id_01227	microbial_amps	-0.218441382	-0.13255814
id_01228	microbial_amps	-0.133784003	-0.003409091
id_01229	microbial_amps	-3.271592921	0.114444444
id_01230	microbial_amps	-2.148559455	0.081818182
id_01231	microbial_amps	-0.239898386	0.836666667
id_01232	microbial_amps	-2.509069263	-0.251612903
id_01283	microbial_amps	3.588544856	-1.292592593
id_01285	microbial_amps	1.847499323	0.109459459
id_01329	microbial_amps	-1.235276463	-0.26
id_01464	microbial_amps	-1.205306313	-0.325490196
id_01493	microbial_amps	4.741374632	0.54
id_01495	microbial_amps	1.717500651	0.427272727
id_01511	microbial_amps	0.358406093	0.251515152
id_01569	microbial_amps	0.613629073	-0.251282051
id_01570	microbial_amps	-1.266790894	1.343333333
id_01593	microbial_amps	0.729521403	-0.189473684
id_01594	microbial_amps	0.730510404	-0.168421053
id_01595	microbial_amps	-0.270478597	-0.510526316
id_01596	microbial_amps	0.730510404	-0.221052632
id_01600	microbial_amps	1.810387523	0.53125
id_01603	microbial_amps	-0.576657039	0.89047619
id_01604	microbial_amps	1.91514203	-0.404166667
id_01605	microbial_amps	-1.576647039	1.268421053
id_01606	microbial_amps	2.708578662	0.240540541
id_01607	microbial_amps	1.755505146	0.296969697
id_01608	microbial_amps	1.755505146	0.296969697
id_01609	microbial_amps	-0.113121739	-0.393103448
id_01610	microbial_amps	-0.191393938	-0.633333333
id_01611	microbial_amps	1.717500651	0.395454545
id_01612	microbial_amps	6.511613671	-0.022580645
id_01615	microbial_amps	5.423450482	0.087096774
id_01616	microbial_amps	4.427548246	-0.22
id_01617	microbial_amps	-0.315516561	0.333333333
id_01618	microbial_amps	1.730202103	0.353125
id_01621	microbial_amps	0.710400123	0.107142857
id_01632	microbial_amps	-0.223927392	1.109090909
id_01647	microbial_amps	0.740289634	0.45
id_01651	microbial_amps	4.754229368	0.886666667
id_01652	microbial_amps	1.93368451	0.826229508
id_01712	microbial_amps	1.710410123	0.2875
id_01724	microbial_amps	0.761202375	-0.378947368
id_01728	microbial_amps	0.848078263	-0.411111111
id_01729	microbial_amps	0.848078263	-0.47
id_01761	microbial_amps	0.054541932	-0.318604651
id_01767	microbial_amps	1.848900722	0.750819672
id_01955	microbial_amps	1.997380761	-0.178
id_01963	microbial_amps	-0.999161347	-0.489795918
id_01969	microbial_amps	-0.239898386	0.484210526
id_01970	microbial_amps	-3.160930859	-0.095
id_01971	microbial_amps	1.663672458	0.736363636
id_01972	microbial_amps	3.419513498	0.659259259
id_01993	microbial_amps	2.372400608	0.451219512
id_01994	microbial_amps	-0.259700366	2.6125
id_01995	microbial_amps	-0.018601756	0.58028169
id_01996	microbial_amps	-1.094689412	-0.445454545
id_01997	microbial_amps	-0.514385697	0.107407407
id_02014	microbial_amps	6.807537062	-0.446601942
id_02015	microbial_amps	4.897951773	-0.505882353
id_02028	microbial_amps	2.82558758	-0.333333333
id_02029	microbial_amps	1.761435895	-0.686363636
id_02052	microbial_amps	0.397197593	1.272727273
id_02053	microbial_amps	-4.227053577	-0.982608696
id_02074	microbial_amps	6.499775065	0.658571429
id_02104	microbial_amps	1.498600205	0.209090909
id_02105	microbial_amps	1.498600205	0.584
id_02117	microbial_amps	0.67638391	0.675
id_02130	microbial_amps	3.751326863	-1.1
id_02131	microbial_amps	-3.172646309	-0.446534653
id_02132	microbial_amps	-5.305763264	-0.064912281
id_02143	microbial_amps	5.753108607	-0.445454545
id_02164	microbial_amps	-0.24092891	1.019047619
id_02165	microbial_amps	0.719498653	0.559090909
id_02189	microbial_amps	-0.601803406	0.883333333
id_02190	microbial_amps	-0.601803406	0.883333333
id_02191	microbial_amps	-0.602802407	-0.033333333
id_02192	microbial_amps	-0.602802407	-0.033333333
id_02193	microbial_amps	0.758103612	0.108333333
id_02194	microbial_amps	-1.244386952	-1.022222222
id_02201	microbial_amps	2.757104611	0.744444444
id_02203	microbial_amps	-3.235723643	-1.853846154
id_02204	microbial_amps	5.754107608	-1.72
id_02220	microbial_amps	-2.265548373	0.84
id_02221	microbial_amps	-0.24092891	1.019047619
id_02242	microbial_amps	3.345684641	0.0875
id_02243	microbial_amps	1.731990388	1.06
id_02246	microbial_amps	5.502585527	0.538571429
id_02247	microbial_amps	5.4936052	0.3
id_02248	microbial_amps	4.743309377	0.475
id_02249	microbial_amps	0.760091614	1.118181818
id_02250	microbial_amps	4.584447092	-0.683333333
id_02251	microbial_amps	3.498271905	0.240909091
id_02252	microbial_amps	0.731201104	0.53125
id_02253	microbial_amps	5.583458091	-0.109302326
id_02254	microbial_amps	1.779926029	-0.438842975
id_02308	microbial_amps	1.817386291	0.125
id_02320	microbial_amps	5.916780513	-0.646296296
id_02321	microbial_amps	2.39431235	0.262162162
id_02323	microbial_amps	6.822438818	-1.522727273
id_02324	microbial_amps	3.795346592	-0.9875
id_02333	microbial_amps	0.759102613	2.8125
id_02336	microbial_amps	-2.16054846	-1.09
id_02346	microbial_amps	-2.147103274	-1.134782609
id_02347	microbial_amps	3.75610561	0.161538462
id_02348	microbial_amps	1.376396612	1.26
id_02349	microbial_amps	1.376396612	1.42
id_02359	microbial_amps	0.806672841	0.336363636
id_02360	microbial_amps	4.501949608	1.009090909
id_02361	microbial_amps	1.500168147	1.387096774
id_02370	microbial_amps	1.748202622	0.691666667
id_02372	microbial_amps	-0.239898386	2.866666667
id_02376	microbial_amps	2.761182376	-0.2875
id_02378	microbial_amps	-2.16205162	1.771428571
id_02379	microbial_amps	-2.16205162	1.771428571
id_02380	microbial_amps	-2.16205162	1.771428571
id_02394	microbial_amps	-2.275571123	0.964516129
id_02395	microbial_amps	-3.266239073	0.476190476
id_02396	microbial_amps	4.752353126	0.85
id_02397	microbial_amps	0.22180608	0.152631579
id_02398	microbial_amps	4.833768187	0.044339623
id_02399	microbial_amps	1.087726452	-0.693421053
id_02402	microbial_amps	2.755096609	-0.379069767
id_02408	microbial_amps	-0.315516561	0.333333333
id_02410	microbial_amps	-1.278381585	1
id_02418	microbial_amps	-0.239898386	-1.12
id_02429	microbial_amps	3.755106609	-0.140909091
id_02431	microbial_amps	-0.601803406	-1.64
id_02432	microbial_amps	0.863236796	0.75625
id_02433	microbial_amps	0.731322864	0.702222222
id_02441	microbial_amps	-0.116951224	-1.65
id_02450	microbial_amps	-2.16054846	-1.3
id_02520	microbial_amps	5.739039311	0.622058824
id_02524	microbial_amps	-1.298061806	-0.15
id_02525	microbial_amps	-2.575526278	0.505555556
id_02526	microbial_amps	-1.576647039	0.38
id_02543	microbial_amps	5.757176372	-0.766666667
id_02572	microbial_amps	-0.239898386	1.216666667
id_02573	microbial_amps	-0.239898386	1.166666667
id_02574	microbial_amps	-0.239898386	1.283333333
id_02575	microbial_amps	-0.239898386	1.333333333
id_02576	microbial_amps	0.759102613	0.633333333
id_02577	microbial_amps	0.759102613	0.583333333
id_02578	microbial_amps	-0.239898386	1.166666667
id_02581	microbial_amps	-0.249799376	0.768421053
id_02582	microbial_amps	-2.299816288	0.795588235
id_02584	microbial_amps	4.752231366	0.953125
id_02586	microbial_amps	0.431245949	0.369047619
id_02587	microbial_amps	0.431245949	0.378571429
id_02588	microbial_amps	1.430246948	0.369047619
id_02646	microbial_amps	0.90555948	-0.130769231
id_02649	microbial_amps	-0.26601161	2.925
id_02677	microbial_amps	0.759102613	0.025
id_02678	microbial_amps	1.459137458	-0.315384615
id_02688	microbial_amps	-0.26601161	1.38
id_02693	microbial_amps	0.818385292	0.052
id_02696	microbial_amps	-0.239898386	-1.857142857
id_02719	microbial_amps	-0.239776626	0.233333333
id_02720	microbial_amps	-0.239776626	0.28
id_02725	microbial_amps	0.733012565	-0.144736842
id_02726	microbial_amps	3.70660066	0.32962963
id_02728	microbial_amps	-2.277260824	0.975
id_02741	microbial_amps	1.712211584	-0.821428571
id_02768	microbial_amps	-0.449376691	-1.03
id_02777	microbial_amps	1.733801849	-0.046153846
id_02778	microbial_amps	1.672584447	0.838888889
id_02779	microbial_amps	1.759915073	-0.269230769
id_02799	microbial_amps	0.8857575	-0.12
id_02800	microbial_amps	4.753253625	0.192105263
id_02801	microbial_amps	6.759178611	0.026666667
id_02829	microbial_amps	1.862985474	-0.658139535
id_02831	microbial_amps	1.759915073	0.033333333
id_02877	microbial_amps	-1.237087924	1.271428571
id_02887	microbial_amps	-2.236275464	0.173333333
id_02895	microbial_amps	1.633411054	-0.248888889
id_02902	microbial_amps	3.586435094	-0.151162791
id_02905	microbial_amps	-0.239898386	2.1
id_02914	microbial_amps	4.574247801	-0.7
id_02925	microbial_amps	-2.265548373	0.72
id_02926	microbial_amps	1.793876586	0.85
id_02928	microbial_amps	5.754107608	-1.82
id_02954	microbial_amps	0.846398561	1.056896552
id_02955	microbial_amps	-0.180615707	0.0875
id_02956	microbial_amps	1.841426814	0.136363636
id_02957	microbial_amps	1.843228275	-0.188636364
id_02978	microbial_amps	-0.178837422	-0.427272727
id_02979	microbial_amps	-0.261409687	0.09
id_03013	microbial_amps	2.845267801	0.28
id_03060	microbial_amps	0.759905073	0.368421053
id_03074	microbial_amps	1.844092258	-0.388235294
id_03075	microbial_amps	1.000067717	-0.370588235
id_03076	microbial_amps	1.016750934	-0.244444444
id_03088	microbial_amps	1.711399124	0.265625
id_03103	microbial_amps	1.804664839	0.034090909
id_03132	microbial_amps	5.667831817	-0.064
id_03138	microbial_amps	0.338780654	0.709090909
id_03141	microbial_amps	3.968123224	-0.051428571
id_03142	microbial_amps	1.459259218	-2.133333333
id_03153	microbial_amps	8.889888181	-1.033802817
id_03162	microbial_amps	-0.287811592	1.1375
id_03163	microbial_amps	0.732989389	0.944
id_03167	microbial_amps	-3.062384267	-0.714285714
dbAMP_00029	microbial_amps	-8.205168519	-0.049425287
dbAMP_00051	microbial_amps	4.967185962	0.175675676
dbAMP_00054	microbial_amps	3.792691044	-0.073333333
dbAMP_00057	microbial_amps	2.773075605	0.426086957
dbAMP_00059	microbial_amps	-6.231170363	0.210619469
dbAMP_00088	microbial_amps	-0.999161347	-0.489795918
dbAMP_00121	microbial_amps	2.736242107	0.476666667
dbAMP_00122	microbial_amps	3.736232107	0.34
dbAMP_00123	microbial_amps	2.736242107	0.413333333
dbAMP_00148	microbial_amps	1.755505146	0.296969697
dbAMP_00189	microbial_amps	2.793866586	-1.0375
dbAMP_00199	microbial_amps	1.886072758	-0.033783784
dbAMP_00207	microbial_amps	5.789125101	0.269230769
dbAMP_00247	microbial_amps	2.792047323	-0.35106383
dbAMP_00283	microbial_amps	1.862873714	-0.076744186
dbAMP_00293	microbial_amps	-1.199503489	1.096666667
dbAMP_00302	microbial_amps	4.793801805	-1
dbAMP_00303	microbial_amps	4.793801805	-1
dbAMP_00304	microbial_amps	5.792681044	-0.863157895
dbAMP_00305	microbial_amps	4.793801805	-0.863157895
dbAMP_00306	microbial_amps	5.792681044	-0.726315789
dbAMP_00307	microbial_amps	4.793801805	-1.242105263
dbAMP_00308	microbial_amps	4.793801805	-1.189473684
dbAMP_00352	microbial_amps	2.795844588	0.666666667
dbAMP_00354	microbial_amps	1.792000344	0.1
dbAMP_00358	microbial_amps	3.794845587	-0.188888889
dbAMP_00359	microbial_amps	3.795834588	-0.255555556
dbAMP_00365	microbial_amps	5.789880582	0.225
dbAMP_00390	microbial_amps	3.791878584	0.446153846
dbAMP_00404	microbial_amps	2.794845587	0.1
dbAMP_00420	microbial_amps	-1.286208576	0.248888889
dbAMP_00427	microbial_amps	3.012919947	-0.304
dbAMP_00436	microbial_amps	-4.152146922	0.174074074
dbAMP_00437	microbial_amps	6.791662043	0.063636364
dbAMP_00447	microbial_amps	-0.16797358	-0.511320755
dbAMP_00449	microbial_amps	2.792877585	-1.5125
dbAMP_00464	microbial_amps	-0.204125412	0.52
dbAMP_00468	microbial_amps	-0.03650653	-0.29380531
dbAMP_00469	microbial_amps	2.793866586	-1.5875
dbAMP_00484	microbial_amps	1.713669664	-0.21
dbAMP_00512	microbial_amps	5.76181375	-0.535211268
dbAMP_00542	microbial_amps	3.773868065	-0.373170732
dbAMP_00543	microbial_amps	2.774867066	-0.185365854
dbAMP_00563	microbial_amps	0.794865587	0.364
dbAMP_00564	microbial_amps	0.874996226	-0.04125
dbAMP_00565	microbial_amps	-0.133784003	-0.003409091
dbAMP_00566	microbial_amps	-1.240918911	1.405263158
dbAMP_00569	microbial_amps	4.741374632	0.54
dbAMP_00570	microbial_amps	-0.204125412	0.7625
dbAMP_00572	microbial_amps	6.8473418	0.003333333
dbAMP_00579	microbial_amps	-0.24092891	1.019047619
dbAMP_00585	microbial_amps	5.932037383	-0.150684932
dbAMP_00587	microbial_amps	-5.010243364	-0.082300885
dbAMP_00668	microbial_amps	5.787928736	-0.425882353
dbAMP_00669	microbial_amps	5.788917737	-0.376078431
dbAMP_00670	microbial_amps	-0.223927392	1.109090909
dbAMP_00672	microbial_amps	-0.116951224	-1.65
dbAMP_00673	microbial_amps	-0.134017523	-0.213636364
dbAMP_00674	microbial_amps	-1.134708223	-0.272727273
dbAMP_00675	microbial_amps	1.776688527	-0.221052632
dbAMP_00676	microbial_amps	0.864861716	-0.15
dbAMP_00680	microbial_amps	13.02967986	-0.460392157
dbAMP_00682	microbial_amps	0.794865587	0
dbAMP_00687	microbial_amps	2.862975474	-0.745454545
dbAMP_00688	microbial_amps	3.860165012	-0.751162791
dbAMP_00689	microbial_amps	3.860165012	-0.690697674
dbAMP_00690	microbial_amps	2.956251189	-0.774358974
dbAMP_00691	microbial_amps	2.956251189	-0.907692308
dbAMP_00693	microbial_amps	3.773102584	-0.43255814
dbAMP_00694	microbial_amps	4.773092584	-0.4125
dbAMP_00695	microbial_amps	6.8473418	0.031034483
dbAMP_00698	microbial_amps	2.478300734	-0.563276836
dbAMP_00727	microbial_amps	-0.198022289	-0.469230769
dbAMP_00747	microbial_amps	-1.202313951	0.546666667
dbAMP_00752	microbial_amps	-1.202882891	0.044444444
dbAMP_00759	microbial_amps	2.795844588	0.144444444
dbAMP_00769	microbial_amps	0.860371553	-0.36
dbAMP_00783	microbial_amps	-0.270478597	-0.510526316
dbAMP_00789	microbial_amps	0.710400123	0.107142857
dbAMP_00864	microbial_amps	1.839166274	-0.777777778
dbAMP_00874	microbial_amps	0.729521403	-0.189473684
dbAMP_00877	microbial_amps	4.969382124	-1.130232558
dbAMP_00879	microbial_amps	6.838527334	-0.272916667
dbAMP_00880	microbial_amps	-1.279380586	1.171428571
dbAMP_00881	microbial_amps	-1.279380586	1.157142857
dbAMP_00882	microbial_amps	-1.279380586	1.157142857
dbAMP_00883	microbial_amps	-1.279380586	1.142857143
dbAMP_00884	microbial_amps	-0.280501347	1.157142857
dbAMP_00922	microbial_amps	0.730510404	-0.221052632
dbAMP_00923	microbial_amps	0.730510404	-0.168421053
dbAMP_00929	microbial_amps	-0.191393938	-0.633333333
dbAMP_00930	microbial_amps	-1.190394937	-0.29
dbAMP_00933	microbial_amps	-0.259700366	0.830769231
dbAMP_00935	microbial_amps	-1.276691884	0.94
dbAMP_00936	microbial_amps	-1.266790894	0.857894737
dbAMP_00938	microbial_amps	1.728522402	0.428125
dbAMP_00942	microbial_amps	-1.296493864	0.772727273
dbAMP_00954	microbial_amps	-0.269479596	-0.168421053
dbAMP_00962	microbial_amps	0.22180608	0.152631579
dbAMP_00963	microbial_amps	-1.266790894	1.421428571
dbAMP_00968	microbial_amps	-2.147980515	-0.455555556
dbAMP_00970	microbial_amps	-2.021180312	-0.091139241
dbAMP_00978	microbial_amps	1.91514203	-0.404166667
dbAMP_00998	microbial_amps	-6.229992919	-3.5
dbAMP_01001	microbial_amps	-2.257458844	0.94
dbAMP_01022	microbial_amps	1.761025834	-2.9
dbAMP_01028	microbial_amps	3.87512581	-0.042105263
dbAMP_01034	microbial_amps	2.883302318	0.052830189
dbAMP_01035	microbial_amps	2.79612813	0.047169811
dbAMP_01039	microbial_amps	-2.148559455	0.081818182
dbAMP_01052	microbial_amps	1.785620538	-0.313888889
dbAMP_01069	microbial_amps	-28.11188746	-0.530196078
dbAMP_01074	microbial_amps	-1.259456846	0.326666667
dbAMP_01075	microbial_amps	-4.329999861	0.885526316
dbAMP_01079	microbial_amps	-0.248688615	-0.045454545
dbAMP_01112	microbial_amps	2.759965046	-1.534615385
dbAMP_01128	microbial_amps	-1.064429248	-1.214285714
dbAMP_01146	microbial_amps	-0.235987163	-1.49
dbAMP_01165	microbial_amps	-2.237656864	-1.033333333
dbAMP_01169	microbial_amps	1.737546151	0.258490566
dbAMP_01207	microbial_amps	1.374082593	-2.094736842
dbAMP_01209	microbial_amps	1.761435895	-0.686363636
dbAMP_01263	microbial_amps	-2.245868153	1.122222222
dbAMP_01265	microbial_amps	-2.275571123	0.964516129
dbAMP_01272	microbial_amps	-0.065438249	-0.433333333
dbAMP_01287	microbial_amps	-0.018601756	0.58028169
dbAMP_01390	microbial_amps	-3.160930859	-0.095
dbAMP_01392	microbial_amps	4.180434586	-0.981818182
dbAMP_01402	microbial_amps	-2.139924027	-0.893442623
dbAMP_01429	microbial_amps	3.832821615	-0.726666667
dbAMP_01435	microbial_amps	-2.16054846	-1.09
dbAMP_01439	microbial_amps	3.829079131	0.783076923
dbAMP_01469	microbial_amps	3.900305583	-0.375471698
dbAMP_01470	microbial_amps	0.905114047	0.127777778
dbAMP_01482	microbial_amps	-0.076997194	0.133333333
dbAMP_01483	microbial_amps	-3.07206697	-0.418181818
dbAMP_01488	microbial_amps	-3.159241158	-0.445454545
dbAMP_01490	microbial_amps	-1.16206162	-1.444444444
dbAMP_01519	microbial_amps	-1.164049622	-1.026666667
dbAMP_01547	microbial_amps	2.921228324	-0.461538462
dbAMP_01555	microbial_amps	3.833644075	-0.45
dbAMP_01581	microbial_amps	1.997380761	-0.178
dbAMP_01582	microbial_amps	2.00628275	-0.248
dbAMP_01585	microbial_amps	-5.221420694	-1.106896552
dbAMP_01596	microbial_amps	5.764730516	-0.569230769
dbAMP_01598	microbial_amps	3.75610561	0.752631579
dbAMP_01608	microbial_amps	1.748202622	0.691666667
dbAMP_01611	microbial_amps	0.739290633	0.818181818
dbAMP_01628	microbial_amps	1.830022962	0.274285714
dbAMP_01648	microbial_amps	3.757094611	0.969230769
dbAMP_01701	microbial_amps	1.758093612	1.046153846
dbAMP_01716	microbial_amps	0.760091614	1.576923077
dbAMP_01719	microbial_amps	1.020615178	0.373684211
dbAMP_01746	microbial_amps	3.810701585	0.144
dbAMP_01761	microbial_amps	0.759102613	1.669230769
dbAMP_01836	microbial_amps	4.743309377	0.475
dbAMP_01840	microbial_amps	3.759194373	-0.438461538
dbAMP_01842	microbial_amps	2.759204373	-0.1
dbAMP_01845	microbial_amps	1.717500651	-0.013636364
dbAMP_01846	microbial_amps	1.718489652	0.004545455
dbAMP_01851	microbial_amps	0.759102613	1.761538462
dbAMP_01905	microbial_amps	-0.239898386	1.553846154
dbAMP_01948	microbial_amps	2.757104611	1.425
dbAMP_01954	microbial_amps	1.760081614	1.9
dbAMP_01994	microbial_amps	0.759102613	1.730769231
dbAMP_02002	microbial_amps	0.759102613	1.9
dbAMP_02005	microbial_amps	0.759102613	1.815384615
dbAMP_02007	microbial_amps	1.758103612	1.476923077
dbAMP_02009	microbial_amps	0.759102613	1.461538462
dbAMP_02037	microbial_amps	0.759102613	2.023076923
dbAMP_02099	microbial_amps	0.759102613	1.884615385
dbAMP_02100	microbial_amps	1.758103612	1.346666667
dbAMP_02102	microbial_amps	0.760091614	1.807692308
dbAMP_02105	microbial_amps	1.759092613	1.715384615
dbAMP_02121	microbial_amps	0.760091614	1.653846154
dbAMP_02129	microbial_amps	2.737302631	1.515
dbAMP_02135	microbial_amps	3.738281632	1.252173913
dbAMP_02136	microbial_amps	-0.239898386	1.992307692
dbAMP_02137	microbial_amps	0.759102613	1.853846154
dbAMP_02151	microbial_amps	0.761903075	-0.8
dbAMP_02257	microbial_amps	3.845369561	0.086666667
dbAMP_02281	microbial_amps	-2.236966164	0.045
dbAMP_02334	microbial_amps	1.741027313	-0.411320755
dbAMP_02356	microbial_amps	10.73698707	-0.417142857
dbAMP_02383	microbial_amps	0.739300633	1.8
dbAMP_02392	microbial_amps	1.758205372	0.013333333
dbAMP_02409	microbial_amps	5.843239799	-0.627272727
dbAMP_02430	microbial_amps	0.836375811	0.873809524
dbAMP_02438	microbial_amps	4.755106609	-0.435294118
dbAMP_02440	microbial_amps	3.760995835	-0.932
dbAMP_02464	microbial_amps	-1.238777625	-1.1
dbAMP_02471	microbial_amps	-3.271592921	0.114444444
dbAMP_02491	microbial_amps	-4.147550454	0.06547619
dbAMP_02492	microbial_amps	-4.147550454	0.04375
dbAMP_02493	microbial_amps	-4.147550454	0.013095238
dbAMP_02575	microbial_amps	2.873950268	-0.775
dbAMP_02595	microbial_amps	1.759092613	0.71875
dbAMP_02677	microbial_amps	3.743005315	-0.8
dbAMP_02699	microbial_amps	2.740905553	-0.169090909
dbAMP_02700	microbial_amps	3.740130072	-0.247457627
dbAMP_02716	microbial_amps	-1.150912737	-0.2
dbAMP_02717	microbial_amps	-1.151911738	0.4
dbAMP_02719	microbial_amps	-0.239898386	0.873333333
dbAMP_02720	microbial_amps	-0.239898386	0.836666667
dbAMP_02728	microbial_amps	-0.179626706	0.176
dbAMP_02774	microbial_amps	-5.584785921	-0.531390135
dbAMP_02899	microbial_amps	2.8272025	-0.364285714
dbAMP_02957	microbial_amps	8.751110605	-0.159090909
dbAMP_02960	microbial_amps	3.845091259	-0.013043478
dbAMP_03222	microbial_amps	0.90555948	0.111538462
dbAMP_03243	microbial_amps	2.844278799	0.066666667
dbAMP_03435	microbial_amps	-1.238777625	1.672727273
dbAMP_03437	microbial_amps	2.708578662	0.240540541
dbAMP_03438	microbial_amps	-1.268358835	0.735483871
dbAMP_03485	microbial_amps	6.753108607	0.3
dbAMP_03566	microbial_amps	2.758093612	0.63
dbAMP_03769	microbial_amps	-4.227053577	-0.982608696
dbAMP_03879	microbial_amps	1.834499569	0.259259259
dbAMP_03884	microbial_amps	3.929566746	-0.387096774
dbAMP_03885	microbial_amps	3.928567745	-0.415151515
dbAMP_03893	microbial_amps	-1.266790894	1.343333333
dbAMP_03894	microbial_amps	6.807537062	-0.446601942
dbAMP_03897	microbial_amps	-0.093441519	0.12
dbAMP_03899	microbial_amps	-0.160813727	-0.104761905
dbAMP_03900	microbial_amps	-0.180615707	0.0875
dbAMP_03907	microbial_amps	1.836365811	-0.058333333
dbAMP_03958	microbial_amps	-0.239898386	0.484210526
dbAMP_03979	microbial_amps	8.754077608	-1.122222222
dbAMP_04052	microbial_amps	-0.237097924	-1.4
dbAMP_04054	microbial_amps	0.65974319	-0.274901961
dbAMP_04057	microbial_amps	3.751326863	-1.1
dbAMP_04059	microbial_amps	-1.092442518	0.452
dbAMP_04096	microbial_amps	0.848078263	-0.47
dbAMP_04097	microbial_amps	0.848078263	-0.411111111
dbAMP_04099	microbial_amps	2.727391641	0.227272727
dbAMP_04175	microbial_amps	0.761202375	-0.378947368
dbAMP_04191	microbial_amps	3.845613081	-0.743589744
dbAMP_04192	microbial_amps	3.845613081	-0.841025641
dbAMP_04206	microbial_amps	5.700635674	0.177777778
dbAMP_04240	microbial_amps	2.757104611	1.252631579
dbAMP_04312	microbial_amps	2.727513401	0.36
dbAMP_04374	microbial_amps	4.846192021	-0.3225
dbAMP_04388	microbial_amps	2.758093612	0.666666667
dbAMP_04402	microbial_amps	-1.267789895	1.24
dbAMP_04520	microbial_amps	2.811700586	0.03255814
dbAMP_04536	microbial_amps	-0.242773629	-0.305555556
dbAMP_04539	microbial_amps	2.84562308	-0.197297297
dbAMP_04540	microbial_amps	-0.289403336	1.117647059
dbAMP_04541	microbial_amps	1.717500651	0.427272727
dbAMP_04542	microbial_amps	1.717500651	0.395454545
dbAMP_04562	microbial_amps	-0.239654866	0.871428571
dbAMP_04572	microbial_amps	0.759102613	1.7
dbAMP_04593	microbial_amps	1.729379643	0.011111111
dbAMP_04667	microbial_amps	4.75703983	0.168965517
dbAMP_04668	microbial_amps	1.761399869	-0.236585366
dbAMP_04687	microbial_amps	-2.225051418	-0.60625
dbAMP_04689	microbial_amps	0.759102613	1.552941176
dbAMP_04690	microbial_amps	0.759102613	1.711764706
dbAMP_04702	microbial_amps	3.75610561	0.869230769
dbAMP_04704	microbial_amps	0.760914074	0.776923077
dbAMP_04739	microbial_amps	1.758103612	-0.414285714
dbAMP_04770	microbial_amps	1.759092613	-0.783333333
dbAMP_04775	microbial_amps	0.759102613	1.392307692
dbAMP_04789	microbial_amps	2.757104611	1.021428571
dbAMP_04799	microbial_amps	2.757104611	0.671428571
dbAMP_04839	microbial_amps	-4.217219112	-0.532484076
dbAMP_04876	microbial_amps	-2.158693965	0.825
dbAMP_04877	microbial_amps	-2.158693965	0.736363636
dbAMP_04882	microbial_amps	-0.259700366	2.6125
dbAMP_04885	microbial_amps	2.794773849	0.482352941
dbAMP_04901	microbial_amps	-1.237087924	1.271428571
dbAMP_04902	microbial_amps	-1.237087924	1.11
dbAMP_04903	microbial_amps	0.719498653	0.559090909
dbAMP_04906	microbial_amps	2.881948037	0.414705882
dbAMP_04907	microbial_amps	2.794773849	0.405882353
dbAMP_04908	microbial_amps	2.794773849	0.397058824
dbAMP_04909	microbial_amps	2.794773849	0.523529412
dbAMP_04910	microbial_amps	2.794773849	0.448387097
dbAMP_04911	microbial_amps	-1.199418686	0.1625
dbAMP_04925	microbial_amps	2.020980458	-0.553125
dbAMP_04934	microbial_amps	-2.235276463	0.128571429
dbAMP_04935	microbial_amps	-2.237843405	1.001724138
dbAMP_04936	microbial_amps	-0.152490678	0.98245614
dbAMP_04937	microbial_amps	-0.152490678	0.996551724
dbAMP_04938	microbial_amps	-0.152490678	1.036206897
dbAMP_04939	microbial_amps	-0.240897387	0.1125
dbAMP_04963	microbial_amps	-0.113121739	-0.393103448
dbAMP_04993	microbial_amps	-2.244635632	-0.033333333
dbAMP_05025	microbial_amps	9.020803094	-1.498969072
dbAMP_05028	microbial_amps	-0.093441519	0.051851852
dbAMP_05029	microbial_amps	-0.08453953	0.292592593
dbAMP_05032	microbial_amps	1.84552132	0.141176471
dbAMP_05033	microbial_amps	5.842270798	-0.970967742
dbAMP_05035	microbial_amps	6.753108607	0.16875
dbAMP_05036	microbial_amps	3.778007345	-1.627272727
dbAMP_05051	microbial_amps	7.755076609	-1.715789474
dbAMP_05124	microbial_amps	3.75610561	0.328571429
dbAMP_05125	microbial_amps	1.759037832	-0.3875
dbAMP_05128	microbial_amps	1.902870778	-0.011111111
dbAMP_05139	microbial_amps	4.755106609	-0.127272727
dbAMP_05145	microbial_amps	0.903869779	0.053846154
dbAMP_05153	microbial_amps	3.758973051	-0.805714286
dbAMP_05154	microbial_amps	3.761661753	-0.8
dbAMP_05155	microbial_amps	7.752109606	-0.365217391
dbAMP_05164	microbial_amps	5.754107608	-0.071428571
dbAMP_05191	microbial_amps	1.016750934	-0.244444444
dbAMP_05211	microbial_amps	1.910773766	-0.606976744
dbAMP_05212	microbial_amps	1.910773766	-0.665116279
dbAMP_05213	microbial_amps	2.822600577	-0.43255814
dbAMP_05214	microbial_amps	0.054541932	-0.318604651
dbAMP_05215	microbial_amps	-0.032632257	-0.241860465
dbAMP_05248	microbial_amps	-1.235276463	-0.26
dbAMP_05273	microbial_amps	1.739290633	0.88
dbAMP_05274	microbial_amps	-0.268368835	0.195454545
dbAMP_05285	microbial_amps	2.82558758	-0.333333333
dbAMP_05297	microbial_amps	10.7534432	-0.642424242
dbAMP_05298	microbial_amps	17.83857159	-0.505072464
dbAMP_05363	microbial_amps	5.753108607	-0.423076923
dbAMP_05368	microbial_amps	1.718489652	-0.128571429
dbAMP_05369	microbial_amps	3.822600577	-0.548837209
dbAMP_05370	microbial_amps	3.735426389	-0.555813953
dbAMP_05373	microbial_amps	-2.246745394	-1.18
dbAMP_05392	microbial_amps	1.84620202	-1.011538462
dbAMP_05403	microbial_amps	2.825279279	-0.557142857
dbAMP_05405	microbial_amps	9.904759761	-0.298275862
dbAMP_05435	microbial_amps	1.758103612	0.914285714
dbAMP_05452	microbial_amps	0.828276282	0.911363636
dbAMP_05492	microbial_amps	4.755106609	0.193333333
dbAMP_05493	microbial_amps	4.755106609	0.26
dbAMP_05521	microbial_amps	6.840282795	-0.670588235
dbAMP_05554	microbial_amps	2.735426389	-0.151162791
dbAMP_05555	microbial_amps	4.811568826	-0.425
dbAMP_05556	microbial_amps	4.888842024	-0.421621622
dbAMP_05557	microbial_amps	0.911772767	-0.777777778
dbAMP_05558	microbial_amps	1.890971786	-0.368181818
dbAMP_05559	microbial_amps	1.910773766	-0.574418605
dbAMP_05560	microbial_amps	3.995939953	-0.585714286
dbAMP_05561	microbial_amps	1.913452469	-0.397222222
dbAMP_05562	microbial_amps	1.913452469	-0.410810811
dbAMP_05563	microbial_amps	1.913452469	-0.391891892
dbAMP_05564	microbial_amps	1.933254449	-0.321621622
dbAMP_05565	microbial_amps	1.933254449	-0.57027027
dbAMP_05566	microbial_amps	0.931574748	-0.554054054
dbAMP_05567	microbial_amps	3.724526398	-0.123255814
dbAMP_05568	microbial_amps	3.734427388	-0.253488372
dbAMP_05569	microbial_amps	3.734427388	-0.253488372
dbAMP_05570	microbial_amps	2.735426389	-0.313636364
dbAMP_05571	microbial_amps	0.979023216	-0.297297297
dbAMP_05572	microbial_amps	2.977146974	-0.493181818
dbAMP_05573	microbial_amps	2.977146974	-0.429545455
dbAMP_05574	microbial_amps	2.987047964	-0.554761905
dbAMP_05575	microbial_amps	2.977146974	-0.473809524
dbAMP_05576	microbial_amps	2.977025214	-0.278378378
dbAMP_05577	microbial_amps	0.816919111	-0.35
dbAMP_05593	microbial_amps	2.75646089	0.937142857
dbAMP_05605	microbial_amps	0.829332262	0.1640625
dbAMP_05741	microbial_amps	-3.175446771	-0.191
dbAMP_05742	microbial_amps	-3.175446771	-0.211881188
dbAMP_05743	microbial_amps	-3.172646309	-0.446534653
dbAMP_05744	microbial_amps	-3.172646309	-0.446534653
dbAMP_05748	microbial_amps	-3.653839459	-0.427522936
dbAMP_05768	microbial_amps	1.93368451	0.826229508
dbAMP_05820	microbial_amps	-2.230729883	1.771428571
dbAMP_05857	microbial_amps	3.757094611	0.8875
dbAMP_05865	microbial_amps	-2.237656864	1.461538462
dbAMP_05869	microbial_amps	-0.239898386	1.669230769
dbAMP_05934	microbial_amps	0.847265803	-0.208333333
dbAMP_05989	microbial_amps	6.787735081	-0.551428571
dbAMP_06011	microbial_amps	3.758083612	-0.554545455
dbAMP_06016	microbial_amps	4.845247801	0.484615385
dbAMP_06027	microbial_amps	-2.256768144	1.294285714
dbAMP_06033	microbial_amps	7.699450132	0.222222222
dbAMP_06039	microbial_amps	0.759102613	0.84
dbAMP_06043	microbial_amps	0.759102613	0.74
dbAMP_06066	microbial_amps	4.840272796	-0.653571429
dbAMP_06068	microbial_amps	3.75610561	1.507142857
dbAMP_06069	microbial_amps	4.754229368	0.886666667
dbAMP_06070	microbial_amps	3.75691807	1.058333333
dbAMP_06081	microbial_amps	1.848900722	0.750819672
dbAMP_06092	microbial_amps	1.000944958	-0.448571429
dbAMP_06096	microbial_amps	1.757104611	1.209090909
dbAMP_06099	microbial_amps	-26.43822289	-0.081854839
dbAMP_06100	microbial_amps	-26.43904535	-0.085483871
dbAMP_06132	microbial_amps	1.498600205	0.584
dbAMP_06133	microbial_amps	7.579350327	-0.019607843
dbAMP_06150	microbial_amps	3.105486417	-0.405714286
dbAMP_06151	microbial_amps	7.102404633	-0.527083333
dbAMP_06215	microbial_amps	5.4936052	0.3
dbAMP_06224	microbial_amps	-1.40559084	-0.066145833
dbAMP_06225	microbial_amps	0.857956706	-0.028235294
dbAMP_06256	microbial_amps	5.502585527	0.548571429
dbAMP_06257	microbial_amps	6.499775065	0.658571429
dbAMP_06258	microbial_amps	5.502585527	0.538571429
dbAMP_06259	microbial_amps	-5.9357563	-0.867843137
dbAMP_06271	microbial_amps	-1.566233681	0.248214286
dbAMP_06272	microbial_amps	0.716187379	-0.294814815
dbAMP_06281	microbial_amps	-0.567354442	0.282142857
dbAMP_06286	microbial_amps	-5.425199563	0.060714286
dbAMP_06339	microbial_amps	-13.0404585	-0.321176471
dbAMP_06361	microbial_amps	2.72201197	-0.074242424
dbAMP_06404	microbial_amps	-0.272595722	-0.457254902
dbAMP_06469	microbial_amps	-12.14486091	-0.262275449
dbAMP_06486	microbial_amps	-1.139116537	-0.230980392
dbAMP_06507	microbial_amps	-5.305763264	-0.064912281
dbAMP_06533	microbial_amps	-3.339421013	-0.221621622
dbAMP_06615	microbial_amps	-2.19908965	0.066666667
dbAMP_06622	microbial_amps	-8.926492348	-0.209019608
dbAMP_06631	microbial_amps	3.535260442	0.158
dbAMP_06632	microbial_amps	-12.90071623	0.046245059
dbAMP_06639	microbial_amps	-10.83825438	-0.021176471
dbAMP_06640	microbial_amps	5.667066336	-0.559259259
dbAMP_06682	microbial_amps	3.476613682	-0.027868852
dbAMP_06696	microbial_amps	-13.26678881	-0.35372549
dbAMP_06697	microbial_amps	-13.26678881	-0.35372549
dbAMP_06698	microbial_amps	-13.26678881	-0.344313725
dbAMP_06717	microbial_amps	-1.49477987	0.570454545
dbAMP_06735	microbial_amps	-5.337202914	0.041176471
dbAMP_06736	microbial_amps	0.657460224	-0.306557377
dbAMP_06737	microbial_amps	0.569287034	-0.275409836
dbAMP_06738	microbial_amps	-3.531218088	-0.303174603
dbAMP_06739	microbial_amps	-1.492968409	0.063636364
dbAMP_06745	microbial_amps	-3.255361349	-0.249056604
dbAMP_06750	microbial_amps	-2.44497812	-0.295744681
dbAMP_06752	microbial_amps	-2.533151309	-0.393617021
dbAMP_06754	microbial_amps	-0.494911629	0.307692308
dbAMP_06755	microbial_amps	-8.77207879	-1.174468085
dbAMP_06756	microbial_amps	-11.21726534	-0.689534884
dbAMP_06757	microbial_amps	-10.29530402	-0.674712644
dbAMP_06769	microbial_amps	6.630019318	-0.65
dbAMP_06789	microbial_amps	6.861358305	-1.241044776
dbAMP_06808	microbial_amps	3.177862807	-0.089803922
dbAMP_06809	microbial_amps	3.177862807	-0.089803922
dbAMP_06810	microbial_amps	3.177862807	-0.103137255
dbAMP_06811	microbial_amps	3.177862807	-0.103137255
dbAMP_06812	microbial_amps	3.177862807	-0.103137255
dbAMP_06917	microbial_amps	-1.420975101	0.869189189
dbAMP_06922	microbial_amps	5.590882674	-0.608247423
dbAMP_07374	microbial_amps	5.583458091	-0.109302326
dbAMP_07375	microbial_amps	5.581470089	0.202272727
dbAMP_07376	microbial_amps	5.58315979	0.202272727
dbAMP_07377	microbial_amps	3.494360682	1.010810811
dbAMP_07378	microbial_amps	5.583458091	-0.144186047
dbAMP_07404	microbial_amps	1.429658555	0.305357143
dbAMP_07419	microbial_amps	-13.39994046	-0.563529412
dbAMP_07516	microbial_amps	2.385166718	-0.879646018
dbAMP_07519	microbial_amps	14.2920355	-1.329787234
dbAMP_07523	microbial_amps	-12.48170396	0.216541353
dbAMP_07524	microbial_amps	-11.48282472	0.278947368
dbAMP_07548	microbial_amps	2.564776872	0.14516129
dbAMP_07550	microbial_amps	-4.532954768	0.063043478
dbAMP_07551	microbial_amps	-3.532964768	-0.015217391
dbAMP_07552	microbial_amps	-3.241745677	-0.403448276
dbAMP_07556	microbial_amps	9.734120243	-0.169135802
dbAMP_07562	microbial_amps	1.500168147	1.387096774
dbAMP_07608	microbial_amps	2.459500404	0.115
dbAMP_07795	microbial_amps	-4.342702078	-0.211764706
dbAMP_07797	microbial_amps	-7.253099827	0.230232558
dbAMP_07848	microbial_amps	3.496472641	0.080851064
dbAMP_07849	microbial_amps	3.496472641	0.081914894
dbAMP_07850	microbial_amps	3.496472641	0.106382979
dbAMP_07851	microbial_amps	3.496472641	0.097826087
dbAMP_07852	microbial_amps	2.497471642	0.132608696
dbAMP_07853	microbial_amps	2.500458645	0.14893617
dbAMP_07854	microbial_amps	2.497471642	0.086170213
dbAMP_07906	microbial_amps	0.549895115	-0.067164179
dbAMP_07911	microbial_amps	7.712395042	-0.1140625
dbAMP_07912	microbial_amps	5.627042315	-0.001538462
dbAMP_07913	microbial_amps	5.637932306	-0.044444444
dbAMP_07914	microbial_amps	5.627042315	0.035384615
dbAMP_07915	microbial_amps	6.624231853	-0.001538462
dbAMP_07937	microbial_amps	-1.52448284	0.686046512
dbAMP_07938	microbial_amps	-3.342702078	0.171428571
dbAMP_07939	microbial_amps	-3.342702078	-0.052941176
dbAMP_07940	microbial_amps	-3.342702078	0.214285714
dbAMP_07947	microbial_amps	3.720836428	-0.453225806
dbAMP_07948	microbial_amps	2.635782001	-0.487096774
dbAMP_07949	microbial_amps	3.721835429	-0.482258065
dbAMP_07950	microbial_amps	3.721835429	-0.437096774
dbAMP_07952	microbial_amps	6.540978887	-0.081690141
dbAMP_07953	microbial_amps	3.565589332	0.184507042
dbAMP_07954	microbial_amps	5.476695443	0.318421053
dbAMP_07958	microbial_amps	6.55355858	-0.046478873
dbAMP_07959	microbial_amps	5.550758118	0.030555556
dbAMP_07960	microbial_amps	5.467383392	-0.078873239
dbAMP_07962	microbial_amps	5.467383392	0.01971831
dbAMP_07963	microbial_amps	7.463573929	-0.004225352
dbAMP_07964	microbial_amps	5.467383392	-0.014084507
dbAMP_07965	microbial_amps	4.546888112	-0.170833333
dbAMP_07966	microbial_amps	6.630953538	-0.082432432
dbAMP_07968	microbial_amps	5.47449392	-0.243103448
dbAMP_07969	microbial_amps	5.47449392	-0.25
dbAMP_07970	microbial_amps	5.47449392	-0.243103448
dbAMP_07974	microbial_amps	3.721835429	-0.611290323
dbAMP_08150	microbial_amps	2.719089748	-0.338181818
dbAMP_08161	microbial_amps	1.506780269	-0.655
dbAMP_08173	microbial_amps	2.720078749	-0.347272727
dbAMP_08174	microbial_amps	2.459313863	0.045901639
dbAMP_08175	microbial_amps	3.458193102	0.045901639
dbAMP_08196	microbial_amps	-7.335083153	0.019607843
dbAMP_08204	microbial_amps	1.480711446	0.233333333
dbAMP_08227	microbial_amps	3.568978734	-0.413114754
dbAMP_08312	microbial_amps	4.584447092	-0.683333333
dbAMP_08330	microbial_amps	0.558082981	-0.245833333
dbAMP_08333	microbial_amps	-2.427472443	-0.209859155
dbAMP_08334	microbial_amps	-1.4249255	-0.298591549
dbAMP_08351	microbial_amps	4.478293383	-0.461290323
dbAMP_08363	microbial_amps	2.451830936	-0.035849057
dbAMP_08405	microbial_amps	5.494966601	-0.588636364
dbAMP_08416	microbial_amps	-0.155430771	-0.687704918
dbAMP_08466	microbial_amps	2.498982604	1.00625
dbAMP_08471	microbial_amps	3.721713669	-0.296428571
dbAMP_08488	microbial_amps	-3.527652145	0.182758621
dbAMP_08489	microbial_amps	-2.528772906	0.236206897
dbAMP_08492	microbial_amps	-1.341419015	-0.637313433
dbAMP_08510	microbial_amps	-6.391220089	-0.003174603
dbAMP_08511	microbial_amps	-5.509329769	-0.184210526
dbAMP_08516	microbial_amps	-10.92448135	0.096862745
dbAMP_08530	microbial_amps	2.497471642	0.085106383
dbAMP_08713	microbial_amps	3.478181623	-0.358823529
dbAMP_08787	microbial_amps	-4.429577966	-0.070833333
dbAMP_08788	microbial_amps	-4.342403777	-0.175
dbAMP_08789	microbial_amps	-3.342823838	-0.239583333
dbAMP_08801	microbial_amps	-1.513955931	-0.221917808
dbAMP_08804	microbial_amps	-2.509069263	-0.251612903
dbAMP_08805	microbial_amps	-3.402993758	-0.08
dbAMP_08807	microbial_amps	1.540881366	-0.209090909
dbAMP_08808	microbial_amps	0.541880367	-0.083636364
dbAMP_08809	microbial_amps	0.541880367	-0.081818182
dbAMP_08811	microbial_amps	-10.0149996	-0.096078431
dbAMP_08812	microbial_amps	-12.09703126	-0.042745098
dbAMP_08813	microbial_amps	-9.013219356	-0.11372549
dbAMP_08814	microbial_amps	-11.83971822	-0.096862745
dbAMP_08815	microbial_amps	-14.00766897	-0.117647059
dbAMP_08817	microbial_amps	-13.91041725	-0.08745098
dbAMP_08819	microbial_amps	-10.02601135	-0.023137255
dbAMP_08821	microbial_amps	-11.10938743	-0.137254902
dbAMP_08824	microbial_amps	-16.91448502	-0.151764706
dbAMP_08826	microbial_amps	-0.343240476	-0.596721311
dbAMP_08831	microbial_amps	-4.534644469	0.004347826
dbAMP_08853	microbial_amps	3.569145275	-0.334375
dbAMP_08860	microbial_amps	-0.439493195	-0.282191781
dbAMP_08861	microbial_amps	-0.429470445	-0.259210526
dbAMP_08862	microbial_amps	-0.429470445	-0.248684211
dbAMP_08863	microbial_amps	-0.429470445	-0.282894737
dbAMP_08868	microbial_amps	-1.429293904	-0.433333333
dbAMP_08870	microbial_amps	-2.427594203	-0.272222222
dbAMP_08872	microbial_amps	-3.42366298	-0.177142857
dbAMP_08874	microbial_amps	-1.341419015	-0.1625
dbAMP_08931	microbial_amps	1.498600205	0.209090909
dbAMP_08942	microbial_amps	-0.495778871	0.397727273
dbAMP_08943	microbial_amps	-0.495778871	0.461363636
dbAMP_08955	microbial_amps	2.478303383	-0.140322581
dbAMP_08984	microbial_amps	-1.421116037	0.065277778
dbAMP_08990	microbial_amps	-1.446220641	-0.533333333
dbAMP_09022	microbial_amps	5.628031316	-0.010769231
dbAMP_09049	microbial_amps	1.824840911	0.000444444
dbAMP_09060	microbial_amps	3.588544856	-1.292592593
dbAMP_09064	microbial_amps	3.567577334	0.053521127
dbAMP_09065	microbial_amps	3.479282384	0.266197183
dbAMP_09170	microbial_amps	6.631820779	-0.537288136
dbAMP_09192	microbial_amps	-0.49535365	-1.271428571
dbAMP_09193	microbial_amps	0.500344688	-1.271428571
dbAMP_09280	microbial_amps	-5.435445973	0.1359375
dbAMP_09295	microbial_amps	-13.83939226	-0.183137255
dbAMP_09309	microbial_amps	-6.139767155	-0.055294118
dbAMP_09310	microbial_amps	-6.129866165	-0.048627451
dbAMP_09311	microbial_amps	-6.129866165	-0.048627451
dbAMP_09312	microbial_amps	-7.127055703	-0.069411765
dbAMP_09339	microbial_amps	0.452270997	-0.183928571
dbAMP_09345	microbial_amps	-0.354228671	-0.416216216
dbAMP_09351	microbial_amps	-0.497590332	0.429545455
dbAMP_09352	microbial_amps	-0.497590332	0.359090909
dbAMP_09380	microbial_amps	2.514527934	-0.505102041
dbAMP_09393	microbial_amps	3.474680461	-0.114
dbAMP_09405	microbial_amps	2.623555391	0.185964912
dbAMP_09406	microbial_amps	3.62255639	0.085964912
dbAMP_09407	microbial_amps	2.623555391	0.140350877
dbAMP_09408	microbial_amps	3.62255639	-0.005263158
dbAMP_09409	microbial_amps	3.535382202	-0.010526316
dbAMP_09410	microbial_amps	3.535382202	-0.015789474
dbAMP_09411	microbial_amps	2.623555391	0.140350877
dbAMP_09412	microbial_amps	2.623555391	0.129824561
dbAMP_09416	microbial_amps	4.534261441	-0.003508772
dbAMP_09417	microbial_amps	4.534261441	-0.00877193
dbAMP_09419	microbial_amps	3.63134662	0.033333333
dbAMP_09426	microbial_amps	-3.122705914	0.031730769
dbAMP_09432	microbial_amps	7.492988599	-0.084313725
dbAMP_09436	microbial_amps	0.593365518	0.032967033
dbAMP_09437	microbial_amps	-6.34520424	0.404545455
dbAMP_09439	microbial_amps	-5.516210333	0.157692308
dbAMP_09445	microbial_amps	-26.38274038	-0.259607843
dbAMP_09447	microbial_amps	3.739937708	-0.478333333
dbAMP_09448	microbial_amps	4.738816947	-0.426666667
dbAMP_09452	microbial_amps	-1.409417142	0.606818182
dbAMP_09454	microbial_amps	-18.04427441	-0.358039216
dbAMP_09457	microbial_amps	0.658514006	0.226829268
dbAMP_09462	microbial_amps	1.746623633	-0.176
dbAMP_09466	microbial_amps	13.56776003	-0.246039604
dbAMP_09477	microbial_amps	-0.429415663	-0.211111111
dbAMP_09487	microbial_amps	2.720068749	-0.670731707
dbAMP_09495	microbial_amps	-29.11284846	-0.33254902
dbAMP_09496	microbial_amps	-28.11565892	-0.320392157
dbAMP_09497	microbial_amps	-28.11565892	-0.317254902
dbAMP_09502	microbial_amps	6.475472921	-0.357377049
dbAMP_09560	microbial_amps	4.501949608	1.009090909
dbAMP_09574	microbial_amps	-12.24265701	-0.621568627
dbAMP_09657	microbial_amps	4.897951773	-0.505882353
dbAMP_09696	microbial_amps	1.727523401	0.186206897
dbAMP_09707	microbial_amps	1.758103612	0.871428571
dbAMP_09713	microbial_amps	-0.239898386	-0.544444444
dbAMP_09716	microbial_amps	-0.152490678	0.959322034
dbAMP_09718	microbial_amps	-2.265548373	0.84
dbAMP_09719	microbial_amps	-2.265548373	0.691428571
dbAMP_09720	microbial_amps	-2.265548373	0.629411765
dbAMP_09722	microbial_amps	1.843279798	0.523076923
dbAMP_09779	microbial_amps	1.836365811	-0.043478261
dbAMP_09808	microbial_amps	-1.244386952	-1.022222222
dbAMP_09809	microbial_amps	1.824588579	0.197916667
dbAMP_09810	microbial_amps	5.733286627	0.382
dbAMP_09811	microbial_amps	0.819364293	-0.359259259
dbAMP_09812	microbial_amps	2.819990212	-0.177419355
dbAMP_09813	microbial_amps	2.819990212	-0.177419355
dbAMP_09814	microbial_amps	-0.153723199	-0.585714286
dbAMP_09872	microbial_amps	3.610363656	-0.23304721
dbAMP_09899	microbial_amps	-1.03866067	1.266666667
dbAMP_09904	microbial_amps	1.044704055	0.5875
dbAMP_09960	microbial_amps	5.036054903	0.3325
dbAMP_09961	microbial_amps	5.026153913	0.38902439
dbAMP_10004	microbial_amps	-0.981189452	0.6
dbAMP_10023	microbial_amps	2.957509867	-2.35
dbAMP_10113	microbial_amps	0.826474821	1.020930233
dbAMP_10149	microbial_amps	1.749191623	-1.516666667
dbAMP_10169	microbial_amps	1.785997176	-0.506818182
dbAMP_10192	microbial_amps	5.855214268	-0.79
dbAMP_10226	microbial_amps	-2.238655865	-1.1
dbAMP_10278	microbial_amps	-1.237087924	-0.009090909
dbAMP_10343	microbial_amps	1.810387523	0.53125
dbAMP_10352	microbial_amps	0.730388644	2.133333333
dbAMP_10364	microbial_amps	0.740289634	0.45
dbAMP_10368	microbial_amps	4.700645674	0.355555556
dbAMP_10398	microbial_amps	4.218616751	-0.708411215
dbAMP_10399	microbial_amps	3.955262882	-1.181666667
dbAMP_10405	microbial_amps	5.75607561	-0.90625
dbAMP_10428	microbial_amps	6.754097608	0.329166667
dbAMP_10468	microbial_amps	3.740259634	0.941666667
dbAMP_10481	microbial_amps	5.75608561	0.747826087
dbAMP_10600	microbial_amps	2.843269799	0.337037037
dbAMP_10602	microbial_amps	3.824456819	0.431578947
dbAMP_10603	microbial_amps	0.760091614	0.208333333
dbAMP_10637	microbial_amps	0.762892076	-2.1
dbAMP_10657	microbial_amps	6.698627672	-0.222580645
dbAMP_10736	microbial_amps	4.758987833	-0.65625
dbAMP_10840	microbial_amps	-5.760767723	-0.615270936
dbAMP_10907	microbial_amps	1.434712732	-0.749152542
dbAMP_10908	microbial_amps	6.511613671	-0.022580645
dbAMP_10909	microbial_amps	5.423450482	0.087096774
dbAMP_10914	microbial_amps	-0.599259481	1.007142857
dbAMP_10915	microbial_amps	-0.599259481	1.146153846
dbAMP_10916	microbial_amps	-0.589358491	1.48
dbAMP_10918	microbial_amps	-0.599259481	1.107142857
dbAMP_10923	microbial_amps	-0.599259481	1.007142857
dbAMP_10924	microbial_amps	-0.599259481	1.2
dbAMP_10927	microbial_amps	-2.577215979	0.563888889
dbAMP_11011	microbial_amps	12.62742183	-0.680392157
dbAMP_11019	microbial_amps	2.445738862	-0.534482759
dbAMP_11022	microbial_amps	3.466529844	-0.475862069
dbAMP_11077	microbial_amps	4.543548164	-0.692307692
dbAMP_11090	microbial_amps	14.81483557	-1.338636364
dbAMP_11116	microbial_amps	4.427548246	-0.22
dbAMP_11147	microbial_amps	1.534469633	-0.444680851
dbAMP_11182	microbial_amps	1.610818611	0.0075
dbAMP_11183	microbial_amps	1.610818611	-0.08974359
dbAMP_11205	microbial_amps	-0.53804208	-0.846153846
dbAMP_11245	microbial_amps	-1.576647039	1.268421053
dbAMP_11247	microbial_amps	-2.444516408	-0.029166667
dbAMP_11254	microbial_amps	-0.576657039	0.89047619
dbAMP_11268	microbial_amps	3.419513498	0.659259259
dbAMP_11270	microbial_amps	-0.590357492	0.357142857
dbAMP_11273	microbial_amps	-0.385371926	0.575675676
dbAMP_11278	microbial_amps	0.460136459	0.011111111
dbAMP_11280	microbial_amps	-6.579407509	0.454761905
dbAMP_11301	microbial_amps	-1.537043079	0.418181818
dbAMP_11366	microbial_amps	7.362479618	-0.355882353
dbAMP_11367	microbial_amps	1.379122293	-0.473076923
dbAMP_11425	microbial_amps	-3.34390377	-0.433333333
dbAMP_11432	microbial_amps	0.358406093	0.284375
dbAMP_11451	microbial_amps	2.372522368	-0.182926829
dbAMP_11452	microbial_amps	2.352720388	-0.118604651
dbAMP_11453	microbial_amps	2.352842148	-0.188372093
dbAMP_11525	microbial_amps	2.372400608	0.451219512
dbAMP_11526	microbial_amps	-0.602802407	-1.1125
dbAMP_11527	microbial_amps	2.39431235	0.262162162
dbAMP_11528	microbial_amps	0.397197593	1.272727273
dbAMP_11529	microbial_amps	-0.621605386	1.076190476
dbAMP_11530	microbial_amps	1.357583633	0.287096774
dbAMP_11535	microbial_amps	0.484371782	0.444444444
dbAMP_11536	microbial_amps	-0.514385697	0.107407407
dbAMP_11541	microbial_amps	-0.601803406	-0.141666667
dbAMP_11563	microbial_amps	-0.532562758	-0.535135135
dbAMP_11564	microbial_amps	-0.525514017	-0.590243902
dbAMP_11568	microbial_amps	3.438895575	-0.029787234
dbAMP_11573	microbial_amps	1.335793651	0.164102564
dbAMP_11574	microbial_amps	-1.524408448	0.388571429
dbAMP_11575	microbial_amps	0.377395613	1.214285714
dbAMP_11576	microbial_amps	1.366485622	0.206896552
dbAMP_11577	microbial_amps	1.357583633	0.25625
dbAMP_11580	microbial_amps	1.376396612	1.42
dbAMP_11581	microbial_amps	1.376396612	1.26
dbAMP_11598	microbial_amps	0.387418363	0.559259259
dbAMP_11637	microbial_amps	0.46531748	-0.636111111
dbAMP_11642	microbial_amps	-2.974168648	0.037254902
dbAMP_11643	microbial_amps	3.729982386	1.007246377
dbAMP_11659	microbial_amps	-1.263201148	0.577777778
dbAMP_11692	microbial_amps	3.732072148	-1.685
dbAMP_11736	microbial_amps	-0.26601161	2.353333333
dbAMP_11739	microbial_amps	-0.26601161	2.106666667
dbAMP_11741	microbial_amps	-0.267010611	2.08
dbAMP_11749	microbial_amps	-0.218441382	-0.242857143
dbAMP_11750	microbial_amps	-0.218441382	-0.13255814
dbAMP_11751	microbial_amps	-1.178024962	0.4
dbAMP_11763	microbial_amps	2.701278417	0.4
dbAMP_11832	microbial_amps	-0.26601161	1.723076923
dbAMP_11839	microbial_amps	0.67638391	0.675
dbAMP_11840	microbial_amps	1.681486436	0.731034483
dbAMP_11852	microbial_amps	-1.205306313	-0.325490196
dbAMP_11854	microbial_amps	-0.279298446	0.108064516
dbAMP_11858	microbial_amps	2.798353595	0.045714286
dbAMP_11859	microbial_amps	3.712970868	-0.277083333
dbAMP_11880	microbial_amps	2.784588361	-0.104081633
dbAMP_11894	microbial_amps	0.732979389	1.175
dbAMP_11948	microbial_amps	1.663672458	0.736363636
dbAMP_11949	microbial_amps	-0.315516561	0.333333333
dbAMP_11950	microbial_amps	1.693375429	0.803448276
dbAMP_11986	microbial_amps	1.712188408	1.66
dbAMP_11989	microbial_amps	-0.26601161	2.3
dbAMP_11990	microbial_amps	-0.26601161	2.3
dbAMP_11991	microbial_amps	-0.26601161	2.3
dbAMP_11995	microbial_amps	0.907327766	0.65
dbAMP_12012	microbial_amps	-1.240084927	1.197674419
dbAMP_12037	microbial_amps	1.710410123	0.190625
dbAMP_12038	microbial_amps	1.710410123	0.2875
dbAMP_12039	microbial_amps	0.798583312	0.321875
dbAMP_12130	microbial_amps	6.811568826	0.593333333
dbAMP_12132	microbial_amps	6.811568826	0.09
dbAMP_12138	microbial_amps	-1.268358835	0.735483871
dbAMP_12139	microbial_amps	-2.980999749	-0.42
dbAMP_12140	microbial_amps	0.720311113	0.4
dbAMP_12148	microbial_amps	-0.239898386	0.04
dbAMP_12149	microbial_amps	1.739104092	-0.60625
dbAMP_12155	microbial_amps	-1.237087924	0.931578947
dbAMP_12156	microbial_amps	1.719488653	0.45483871
dbAMP_12159	microbial_amps	-1.062617787	-1
dbAMP_12160	microbial_amps	-1.149791976	-0.744444444
dbAMP_12179	microbial_amps	-1.169780497	-0.13
dbAMP_12251	microbial_amps	4.833768187	0.044339623
dbAMP_12252	microbial_amps	1.757094611	0.25
dbAMP_12283	microbial_amps	0.824720339	0.533870968
dbAMP_12284	microbial_amps	0.758103612	0.108333333
dbAMP_12286	microbial_amps	5.753108607	-0.445454545
dbAMP_12287	microbial_amps	4.754107608	-0.331818182
dbAMP_12293	microbial_amps	0.83562033	0.691666667
dbAMP_12294	microbial_amps	0.82571934	0.777966102
dbAMP_12297	microbial_amps	0.738301632	0.952777778
dbAMP_12342	microbial_amps	11.1026548	-1.051020408
dbAMP_12349	microbial_amps	0.740048312	-0.46969697
dbAMP_12350	microbial_amps	0.814697589	-0.062857143
dbAMP_12351	microbial_amps	1.725525399	0.154285714
dbAMP_12356	microbial_amps	-2.265548373	0.72
dbAMP_12361	microbial_amps	1.793876586	0.85
dbAMP_12362	microbial_amps	4.631477833	-0.126666667
DRAMP00181	microbial_amps	1.016750934	-0.244444444
DRAMP00182	microbial_amps	-2.245868153	0.986666667
DRAMP00183	microbial_amps	-2.275571123	0.964516129
DRAMP00184	microbial_amps	4.180434586	-0.981818182
DRAMP00185	microbial_amps	5.842270798	-0.970967742
DRAMP00186	microbial_amps	2.82558758	-0.333333333
DRAMP00187	microbial_amps	1.761435895	-0.686363636
DRAMP00188	microbial_amps	6.791662043	0.063636364
DRAMP00189	microbial_amps	4.841637076	-0.85483871
DRAMP00190	microbial_amps	5.669558497	-0.743859649
DRAMP00191	microbial_amps	-1.151911738	0.4
DRAMP00192	microbial_amps	0.500344688	-1.271428571
DRAMP00193	microbial_amps	-0.218441382	-0.13255814
DRAMP00194	microbial_amps	0.761202375	-0.378947368
DRAMP00195	microbial_amps	-0.133784003	-0.003409091
DRAMP00196	microbial_amps	-3.271592921	0.114444444
DRAMP00197	microbial_amps	1.886072758	-0.033783784
DRAMP00198	microbial_amps	-0.239898386	0.836666667
DRAMP00199	microbial_amps	-2.509069263	-0.251612903
DRAMP00200	microbial_amps	-2.148559455	0.081818182
DRAMP00201	microbial_amps	-0.599259481	1.107142857
DRAMP00202	microbial_amps	-0.599259481	1.007142857
DRAMP00203	microbial_amps	-0.599259481	1.007142857
DRAMP00204	microbial_amps	-0.590357492	0.792857143
DRAMP00205	microbial_amps	-1.279380586	1.157142857
DRAMP00206	microbial_amps	9.904759761	-0.298275862
DRAMP00207	microbial_amps	-0.152490678	1.036206897
DRAMP00208	microbial_amps	1.84620202	-1.011538462
DRAMP00209	microbial_amps	-1.286208576	0.248888889
DRAMP00211	microbial_amps	2.708578662	0.240540541
DRAMP00212	microbial_amps	-0.198022289	-0.469230769
DRAMP00213	microbial_amps	-0.385371926	0.575675676
DRAMP00214	microbial_amps	-1.499523553	0.259090909
DRAMP00215	microbial_amps	2.819990212	-0.177419355
DRAMP00216	microbial_amps	2.792047323	-0.35106383
DRAMP00217	microbial_amps	-0.204125412	0.7625
DRAMP00218	microbial_amps	0.740289634	0.45
DRAMP00219	microbial_amps	4.754107608	-0.331818182
DRAMP00220	microbial_amps	4.755106609	-0.435294118
DRAMP00221	microbial_amps	1.737546151	0.258490566
DRAMP00222	microbial_amps	-4.147550454	0.06547619
DRAMP00224	microbial_amps	-1.235276463	-0.26
DRAMP00225	microbial_amps	-2.225051418	-0.60625
DRAMP00226	microbial_amps	-0.239898386	-0.544444444
DRAMP00227	microbial_amps	-1.263201148	0.577777778
DRAMP00228	microbial_amps	-0.601803406	-0.141666667
DRAMP00229	microbial_amps	-0.032632257	-0.241860465
DRAMP00230	microbial_amps	0.848078263	-0.411111111
DRAMP00231	microbial_amps	0.848078263	-0.47
DRAMP00232	microbial_amps	-0.223927392	1.109090909
DRAMP00233	microbial_amps	-2.158693965	0.736363636
DRAMP00234	microbial_amps	-0.248688615	-0.045454545
DRAMP00235	microbial_amps	-3.241745677	-0.403448276
DRAMP00236	microbial_amps	-2.577215979	0.563888889
DRAMP00237	microbial_amps	-1.259456846	0.326666667
DRAMP00238	microbial_amps	0.738301632	0.952777778
DRAMP00239	microbial_amps	-0.514385697	0.107407407
DRAMP00240	microbial_amps	3.588544856	-1.292592593
DRAMP00241	microbial_amps	4.755106609	0.064
DRAMP00242	microbial_amps	-1.062617787	-1
DRAMP00243	microbial_amps	-1.149791976	-0.744444444
DRAMP00244	microbial_amps	-1.237087924	0.931578947
DRAMP00245	microbial_amps	-0.26601161	2.106666667
DRAMP00246	microbial_amps	-0.26601161	2.353333333
DRAMP00247	microbial_amps	-0.267010611	2.08
DRAMP00248	microbial_amps	0.054541932	-0.318604651
DRAMP00249	microbial_amps	5.753108607	-0.445454545
DRAMP00250	microbial_amps	-0.065438249	-0.433333333
DRAMP00251	microbial_amps	1.792000344	0.1
DRAMP00252	microbial_amps	-1.205306313	-0.325490196
DRAMP00253	microbial_amps	1.91514203	-0.404166667
DRAMP00254	microbial_amps	-1.240084927	1.197674419
DRAMP00256	microbial_amps	1.84552132	0.141176471
DRAMP00257	microbial_amps	7.579350327	-0.019607843
DRAMP00258	microbial_amps	4.496415662	0.275471698
DRAMP00259	microbial_amps	-4.510772387	0.762
DRAMP00260	microbial_amps	0.46531748	-0.636111111
DRAMP00261	microbial_amps	3.751326863	-1.1
DRAMP00263	microbial_amps	0.739300633	0.728571429
DRAMP18195	microbial_amps	4.584447092	-0.683333333
DRAMP18204	microbial_amps	-1.576647039	0.38
DRAMP18205	microbial_amps	-2.575526278	0.505555556
DRAMP18206	microbial_amps	-1.240918911	1.368421053
DRAMP18207	microbial_amps	-1.240918911	1.368421053
DRAMP18208	microbial_amps	-0.28581359	0.113636364
DRAMP18209	microbial_amps	-0.24092891	1.019047619
DRAMP18210	microbial_amps	-0.599259481	1.491666667
DRAMP18211	microbial_amps	-0.601803406	-0.68
DRAMP18212	microbial_amps	4.752353126	0.85
DRAMP18213	microbial_amps	1.731990388	1.06
DRAMP18214	microbial_amps	1.376396612	1.26
DRAMP18215	microbial_amps	1.376396612	1.42
DRAMP18216	microbial_amps	-1.258579605	1.024074074
DRAMP18217	microbial_amps	-1.236275464	-1.078571429
DRAMP18218	microbial_amps	-0.601803406	0.883333333
DRAMP18219	microbial_amps	-0.601803406	0.883333333
DRAMP18220	microbial_amps	-0.602802407	-0.033333333
DRAMP18221	microbial_amps	-0.602802407	-0.033333333
DRAMP18222	microbial_amps	-1.298061806	-0.15
DRAMP18223	microbial_amps	0.22180608	0.152631579
DRAMP18224	microbial_amps	-2.16054846	-1.3
DRAMP18225	microbial_amps	-2.265548373	0.84
DRAMP18226	microbial_amps	-2.230729883	1.771428571
DRAMP18227	microbial_amps	-2.230729883	1.771428571
DRAMP18228	microbial_amps	-2.230729883	1.771428571
DRAMP18236	microbial_amps	-1.244386952	-1.022222222
DRAMP18237	microbial_amps	-2.16054846	-1.3
DRAMP18238	microbial_amps	-2.16054846	-1.06
DRAMP18239	microbial_amps	-2.16054846	-1.33
DRAMP18240	microbial_amps	-2.16054846	-1.06
DRAMP18241	microbial_amps	3.345684641	0.0875
DRAMP18242	microbial_amps	-2.16054846	-1.09
DRAMP18243	microbial_amps	0.431245949	0.369047619
DRAMP18244	microbial_amps	0.431245949	0.378571429
DRAMP18245	microbial_amps	1.430246948	0.369047619
DRAMP18246	microbial_amps	-0.239898386	1.235294118
DRAMP18247	microbial_amps	-1.238777625	-0.5
DRAMP18248	microbial_amps	-0.241774628	-0.5
DRAMP18249	microbial_amps	-3.266239073	0.476190476
DRAMP18250	microbial_amps	-1.294681247	-0.442
DRAMP18251	microbial_amps	0.731322864	0.702222222
DRAMP18252	microbial_amps	0.741233854	0.538709677
DRAMP18253	microbial_amps	2.755228369	-0.41025641
DRAMP18255	microbial_amps	3.729982386	1.007246377
DRAMP18256	microbial_amps	-3.253957682	0.984615385
DRAMP18258	microbial_amps	5.026153913	0.38902439
DRAMP18259	microbial_amps	5.739039311	0.622058824
DRAMP18260	microbial_amps	3.860165012	-0.690697674
DRAMP18261	microbial_amps	5.583458091	-0.109302326
DRAMP18262	microbial_amps	5.581470089	0.202272727
DRAMP18263	microbial_amps	-0.11412074	-0.413333333
DRAMP18264	microbial_amps	1.693375429	0.803448276
DRAMP18265	microbial_amps	5.502585527	0.538571429
DRAMP18266	microbial_amps	0.46531748	-0.636111111
DRAMP18267	microbial_amps	-2.147103274	-1.134782609
DRAMP18268	microbial_amps	1.752088082	0.106976744
DRAMP18269	microbial_amps	0.82571934	0.777966102
DRAMP18270	microbial_amps	-0.259578606	0.641860465
DRAMP18271	microbial_amps	4.752231366	0.953125
DRAMP18272	microbial_amps	6.499775065	0.658571429
DRAMP18273	microbial_amps	3.734427388	-0.253488372
DRAMP18276	microbial_amps	-0.249799376	0.615789474
DRAMP18277	microbial_amps	-4.329999861	0.885526316
DRAMP18278	microbial_amps	1.020662157	-0.688
DRAMP18279	microbial_amps	4.789880582	-0.239130435
DRAMP18280	microbial_amps	3.795346592	-0.9875
DRAMP18281	microbial_amps	5.757176372	-0.766666667
DRAMP18282	microbial_amps	-0.239898386	-1.12
DRAMP18283	microbial_amps	3.755106609	-0.140909091
DRAMP18284	microbial_amps	-0.152490678	0.996551724
DRAMP18285	microbial_amps	2.372400608	0.451219512
DRAMP18286	microbial_amps	-0.018601756	0.58028169
DRAMP18287	microbial_amps	3.482970087	-0.042028986
DRAMP18288	microbial_amps	1.739290633	0.88
DRAMP18289	microbial_amps	6.822438818	-1.522727273
DRAMP18290	microbial_amps	2.755096609	-0.379069767
DRAMP18291	microbial_amps	5.994920952	-0.339130435
DRAMP18292	microbial_amps	4.743309377	0.475
DRAMP18293	microbial_amps	-0.08453953	0.292592593
DRAMP18294	microbial_amps	1.87705477	-0.793333333
DRAMP18295	microbial_amps	1.758103612	0.705263158
DRAMP18296	microbial_amps	2.75610561	0.76
DRAMP18297	microbial_amps	-0.259700366	2.6125
DRAMP18298	microbial_amps	0.679894692	0.691304348
DRAMP18299	microbial_amps	-3.235723643	-1.653846154
DRAMP18301	microbial_amps	-1.586548029	0.276923077
DRAMP18302	microbial_amps	-0.599259481	0.94375
DRAMP18303	microbial_amps	0.67638391	0.675
DRAMP18304	microbial_amps	0.67638391	0.675
DRAMP18305	microbial_amps	3.75610561	0.161538462
DRAMP18306	microbial_amps	0.844400559	-1.02
DRAMP18307	microbial_amps	0.863236796	0.75625
DRAMP18308	microbial_amps	-5.451303167	0.1875
DRAMP18309	microbial_amps	-0.239898386	2.866666667
DRAMP18310	microbial_amps	-0.259700366	2.6125
DRAMP18311	microbial_amps	-0.28581359	2.1125
DRAMP18312	microbial_amps	3.543631829	0.528282828
DRAMP18313	microbial_amps	0.397197593	1.272727273
DRAMP18314	microbial_amps	3.498170145	0.529032258
DRAMP18315	microbial_amps	3.495359683	0.706666667
DRAMP18316	microbial_amps	3.582533871	0.551612903
DRAMP18317	microbial_amps	3.497171144	0.632258065
DRAMP18318	microbial_amps	0.719498653	0.559090909
DRAMP18319	microbial_amps	0.806672841	0.336363636
DRAMP18320	microbial_amps	6.511613671	-0.022580645
DRAMP18321	microbial_amps	8.492166139	-0.045098039
DRAMP18322	microbial_amps	-1.237087924	1.271428571
DRAMP18323	microbial_amps	1.902870778	-0.011111111
DRAMP18324	microbial_amps	1.498600205	0.209090909
DRAMP18325	microbial_amps	1.498600205	0.584
DRAMP00021	microbial_amps	0.357593633	0.5125
DRAMP00022	microbial_amps	-0.191393938	-0.633333333
DRAMP00023	microbial_amps	0.729389643	0.565625
DRAMP00024	microbial_amps	0.377395613	1.214285714
DRAMP00025	microbial_amps	0.454668811	1.181578947
DRAMP00026	microbial_amps	-0.268368835	0.195454545
DRAMP00027	microbial_amps	-0.179626706	0.176
DRAMP00028	microbial_amps	1.717500651	0.427272727
DRAMP00029	microbial_amps	0.90555948	0.111538462
DRAMP00031	microbial_amps	-0.237097924	-1.4
DRAMP00032	microbial_amps	-0.180615707	0.0875
DRAMP00033	microbial_amps	6.8473418	0.003333333
DRAMP00034	microbial_amps	5.423450482	0.087096774
DRAMP00035	microbial_amps	4.741374632	0.54
DRAMP00036	microbial_amps	2.881948037	0.414705882
DRAMP00037	microbial_amps	2.794773849	0.405882353
DRAMP00038	microbial_amps	2.794773849	0.448387097
DRAMP00039	microbial_amps	7.362479618	-0.355882353
DRAMP00040	microbial_amps	1.717500651	0.395454545
DRAMP18326	microbial_amps	-0.239963167	-0.058333333
DRAMP18327	microbial_amps	1.087726452	-0.693421053
DRAMP18328	microbial_amps	-0.258766146	0.467213115
DRAMP18329	microbial_amps	1.748192622	0.790625
DRAMP18330	microbial_amps	0.688796681	0.12
DRAMP18331	microbial_amps	0.90555948	0.111538462
DRAMP18332	microbial_amps	0.731201104	0.403225806
DRAMP18333	microbial_amps	1.429434488	0.963333333
DRAMP18334	microbial_amps	3.498271905	0.240909091
DRAMP18335	microbial_amps	-0.093441519	0.272
DRAMP18336	microbial_amps	1.755505146	0.296969697
DRAMP18337	microbial_amps	-0.116951224	-1.65
DRAMP18338	microbial_amps	-0.590357492	0.792857143
DRAMP18339	microbial_amps	-1.152602438	-0.076470588
DRAMP18340	microbial_amps	-3.235723643	-1.853846154
DRAMP18341	microbial_amps	-3.235723643	-1.853846154
DRAMP18342	microbial_amps	-1.258579605	-0.194736842
DRAMP18343	microbial_amps	-1.258579605	-0.194736842
DRAMP18344	microbial_amps	-0.280501347	1.157142857
DRAMP18345	microbial_amps	-0.280501347	1.157142857
DRAMP18346	microbial_amps	-1.061628786	0.462162162
DRAMP18347	microbial_amps	-1.279380586	1.157142857
DRAMP18348	microbial_amps	-1.153601439	-0.91875
DRAMP18349	microbial_amps	-1.279380586	1.142857143
DRAMP18350	microbial_amps	-1.279380586	1.171428571
DRAMP18351	microbial_amps	-1.094689412	-0.445454545
DRAMP18352	microbial_amps	1.862985474	-0.658139535
DRAMP18353	microbial_amps	0.915015037	-0.975
DRAMP18354	microbial_amps	0.718499652	0.422727273
DRAMP18355	microbial_amps	7.579350327	-0.019607843
DRAMP18356	microbial_amps	3.591747717	-0.304
DRAMP18357	microbial_amps	6.759178611	0.026666667
DRAMP18654	microbial_amps	1.759915073	0.4875
DRAMP18655	microbial_amps	1.732112148	1.517647059
DRAMP18656	microbial_amps	-0.49535365	-1.271428571
DRAMP18657	microbial_amps	-1.238777625	-1.1
DRAMP20762	microbial_amps	-2.577215979	0.563888889
DRAMP20763	microbial_amps	-4.329999861	0.885526316
DRAMP20764	microbial_amps	-0.249799376	0.768421053
DRAMP20765	microbial_amps	-2.299816288	0.795588235
DRAMP18358	microbial_amps	4.753253625	0.192105263
DRAMP18359	microbial_amps	0.8857575	-0.12
DRAMP18360	microbial_amps	1.672584447	0.838888889
DRAMP18361	microbial_amps	0.794875587	-0.93
DRAMP18362	microbial_amps	1.712211584	-0.821428571
DRAMP18363	microbial_amps	-2.277260824	0.975
DRAMP18364	microbial_amps	3.70660066	0.32962963
DRAMP18365	microbial_amps	0.733012565	-0.144736842
DRAMP18366	microbial_amps	-0.239776626	0.28
DRAMP18367	microbial_amps	-0.239776626	0.233333333
DRAMP18368	microbial_amps	-0.449376691	-1.03
DRAMP00041	microbial_amps	1.718489652	0.004545455
DRAMP00042	microbial_amps	1.717500651	-0.013636364
DRAMP00043	microbial_amps	1.902870778	-0.092592593
DRAMP00044	microbial_amps	1.902870778	-0.011111111
DRAMP00046	microbial_amps	2.727391641	0.227272727
DRAMP00047	microbial_amps	2.701278417	0.4
DRAMP00048	microbial_amps	1.710410123	0.190625
DRAMP00049	microbial_amps	-0.093441519	0.051851852
DRAMP00051	microbial_amps	0.718499652	0.4625
DRAMP00052	microbial_amps	0.819364293	-0.359259259
DRAMP00053	microbial_amps	2.794773849	0.397058824
DRAMP00054	microbial_amps	2.794773849	0.523529412
DRAMP00055	microbial_amps	-1.199418686	0.1625
DRAMP00056	microbial_amps	-0.269479596	-0.168421053
DRAMP00057	microbial_amps	0.729521403	-0.189473684
DRAMP00058	microbial_amps	0.730510404	-0.168421053
DRAMP00059	microbial_amps	-0.270478597	-0.510526316
DRAMP00060	microbial_amps	0.730510404	-0.221052632
DRAMP00061	microbial_amps	-1.240918911	1.405263158
DRAMP00062	microbial_amps	-1.276691884	0.94
DRAMP00063	microbial_amps	-0.576657039	0.89047619
DRAMP00064	microbial_amps	2.536482963	-0.252083333
DRAMP00065	microbial_amps	5.908654005	0.084615385
DRAMP00066	microbial_amps	5.789125101	0.269230769
DRAMP00067	microbial_amps	1.823599578	-0.438888889
DRAMP00068	microbial_amps	7.492988599	-0.084313725
DRAMP00069	microbial_amps	1.997380761	-0.178
DRAMP00070	microbial_amps	-0.999161347	-0.489795918
DRAMP00071	microbial_amps	2.825279279	-0.557142857
DRAMP00072	microbial_amps	0.860371553	-0.36
DRAMP00073	microbial_amps	2.822600577	-0.43255814
DRAMP00074	microbial_amps	0.864861716	-0.15
DRAMP00075	microbial_amps	1.776688527	-0.221052632
DRAMP00076	microbial_amps	3.734427388	-0.253488372
DRAMP00077	microbial_amps	3.734427388	-0.253488372
DRAMP00078	microbial_amps	1.910773766	-0.665116279
DRAMP00079	microbial_amps	2.862975474	-0.745454545
DRAMP00080	microbial_amps	2.774867066	-0.185365854
DRAMP00081	microbial_amps	1.913452469	-0.391891892
DRAMP00082	microbial_amps	2.372522368	-0.182926829
DRAMP00083	microbial_amps	0.931574748	-0.554054054
DRAMP00084	microbial_amps	1.833500568	-0.984210526
DRAMP00085	microbial_amps	-0.525514017	-0.590243902
DRAMP00086	microbial_amps	2.352842148	-0.188372093
DRAMP00088	microbial_amps	3.724526398	-0.123255814
DRAMP00089	microbial_amps	1.335793651	0.164102564
DRAMP00090	microbial_amps	3.712970868	-0.277083333
DRAMP00091	microbial_amps	1.862873714	-0.076744186
DRAMP00092	microbial_amps	2.956251189	-0.774358974
DRAMP00093	microbial_amps	1.758205372	0.013333333
DRAMP00094	microbial_amps	2.798353595	0.045714286
DRAMP00095	microbial_amps	1.913452469	-0.410810811
DRAMP00096	microbial_amps	2.977146974	-0.493181818
DRAMP00097	microbial_amps	-0.532562758	-0.535135135
DRAMP00099	microbial_amps	2.735426389	-0.151162791
DRAMP00100	microbial_amps	0.979023216	-0.297297297
DRAMP00101	microbial_amps	1.910773766	-0.574418605
DRAMP00102	microbial_amps	2.735426389	-0.313636364
DRAMP00103	microbial_amps	5.916780513	-0.646296296
DRAMP00105	microbial_amps	1.610818611	0.0075
DRAMP00106	microbial_amps	2.84562308	-0.197297297
DRAMP00107	microbial_amps	2.39431235	0.262162162
DRAMP00108	microbial_amps	1.910773766	-0.606976744
DRAMP00109	microbial_amps	4.811568826	-0.425
DRAMP00110	microbial_amps	2.977025214	-0.278378378
DRAMP00111	microbial_amps	3.995939953	-0.585714286
DRAMP00113	microbial_amps	3.438895575	-0.029787234
DRAMP00114	microbial_amps	3.822600577	-0.548837209
DRAMP00116	microbial_amps	10.73698707	-0.417142857
DRAMP00119	microbial_amps	3.735426389	-0.555813953
DRAMP00121	microbial_amps	4.773092584	-0.4125
DRAMP00122	microbial_amps	2.373521369	-0.188372093
DRAMP00123	microbial_amps	2.352720388	-0.118604651
DRAMP00124	microbial_amps	2.977146974	-0.429545455
DRAMP00125	microbial_amps	0.816919111	-0.35
DRAMP00126	microbial_amps	4.845359561	0.066666667
DRAMP00127	microbial_amps	2.906430525	0.035294118
DRAMP00128	microbial_amps	3.760995835	-0.932
DRAMP00129	microbial_amps	4.758987833	-0.65625
DRAMP00130	microbial_amps	4.543548164	-0.692307692
DRAMP00131	microbial_amps	3.761661753	-0.8
DRAMP00132	microbial_amps	3.845613081	-0.743589744
DRAMP00133	microbial_amps	3.758973051	-0.805714286
DRAMP00134	microbial_amps	4.62930329	-0.382352941
DRAMP00135	microbial_amps	4.840272796	-0.653571429
DRAMP00136	microbial_amps	2.819990212	-0.177419355
DRAMP00137	microbial_amps	1.759037832	-0.323076923
DRAMP00138	microbial_amps	1.836365811	-0.043478261
DRAMP00139	microbial_amps	1.836365811	-0.058333333
DRAMP00140	microbial_amps	3.824456819	0.431578947
DRAMP00141	microbial_amps	1.824588579	0.197916667
DRAMP00142	microbial_amps	3.824456819	0.459649123
DRAMP00143	microbial_amps	5.753108607	-0.423076923
DRAMP00144	microbial_amps	5.733286627	0.382
DRAMP00145	microbial_amps	3.929566746	-0.387096774
DRAMP00146	microbial_amps	1.739290633	0.88
DRAMP00147	microbial_amps	2.82545582	0.293478261
DRAMP00148	microbial_amps	-2.256768144	1.294285714
DRAMP00150	microbial_amps	1.912640009	0.376086957
DRAMP00151	microbial_amps	2.921228324	-0.461538462
DRAMP00152	microbial_amps	3.75703983	-0.731428571
DRAMP00153	microbial_amps	0.828276282	0.911363636
DRAMP00154	microbial_amps	-1.086107471	0.573469388
DRAMP00155	microbial_amps	0.82571934	0.777966102
DRAMP00156	microbial_amps	-0.259578606	0.595348837
DRAMP00157	microbial_amps	2.843269799	0.337037037
DRAMP00158	microbial_amps	3.928567745	-0.415151515
DRAMP00159	microbial_amps	1.019616177	-0.224242424
DRAMP00160	microbial_amps	-0.15447868	0.582222222
DRAMP00161	microbial_amps	0.826474821	1.020930233
DRAMP00162	microbial_amps	-1.266790894	1.343333333
DRAMP00163	microbial_amps	-1.267789895	1.24
DRAMP00164	microbial_amps	2.75646089	0.937142857
DRAMP00165	microbial_amps	-0.152490678	0.996551724
DRAMP00166	microbial_amps	-2.237843405	1.001724138
DRAMP00167	microbial_amps	-2.265548373	0.691428571
DRAMP00168	microbial_amps	2.773075605	0.426086957
DRAMP00169	microbial_amps	5.502585527	0.548571429
DRAMP00170	microbial_amps	3.75691807	1.058333333
DRAMP00171	microbial_amps	1.93368451	0.826229508
DRAMP00172	microbial_amps	4.754229368	0.886666667
DRAMP00173	microbial_amps	1.848900722	0.750819672
DRAMP00175	microbial_amps	5.58315979	0.202272727
DRAMP00176	microbial_amps	5.583458091	-0.144186047
DRAMP00177	microbial_amps	3.900305583	-0.375471698
DRAMP00178	microbial_amps	5.494966601	-0.588636364
DRAMP00179	microbial_amps	3.478181623	-0.358823529
DRAMP00180	microbial_amps	1.534469633	-0.444680851
DRAMP00001	microbial_amps	-1.092442518	0.452
DRAMP00002	microbial_amps	1.710410123	0.2875
DRAMP00003	microbial_amps	1.755505146	0.296969697
DRAMP00004	microbial_amps	2.467132753	-0.391304348
DRAMP00005	microbial_amps	4.427548246	-0.22
DRAMP00006	microbial_amps	-0.093441519	0.12
DRAMP00008	microbial_amps	-1.190394937	-0.29
DRAMP00009	microbial_amps	1.366485622	0.206896552
DRAMP00010	microbial_amps	-0.113121739	-0.393103448
DRAMP00011	microbial_amps	6.415527494	0.109375
DRAMP00012	microbial_amps	0.358406093	0.284375
DRAMP00013	microbial_amps	1.357583633	0.25625
DRAMP00014	microbial_amps	1.663672458	0.736363636
DRAMP00015	microbial_amps	3.419513498	0.659259259
DRAMP00016	microbial_amps	1.817386291	0.125
DRAMP00017	microbial_amps	-0.315516561	0.333333333
DRAMP00018	microbial_amps	1.730202103	0.353125
DRAMP00019	microbial_amps	1.429434488	0.963333333
DRAMP00020	microbial_amps	0.710400123	0.107142857